tweets,quote_status,language,favorite_count,retweet_count,time
"@Bughead_Support Bughead, no doubts âœ¨",False,en,0,0,2021-02-26 21:59:00
@Bughead_Support @BugheadUpdates BugheadğŸ’™,False,en,0,0,2021-02-26 21:55:39
RT @barchiesdreams: just a little thread of how you shouldnâ€™t worry about varchie or bughead &lt;3,False,en,0,6,2021-02-26 21:55:23
They pretty much just called Barchie meaningless. Bughead fandom truly won,False,en,3,0,2021-02-26 21:55:00
"RT @slowburnsftw: the story of bughead is betty being in love with archie, cheating on jughead, lying to jughead, not communicating with juâ€¦",True,en,0,2,2021-02-26 21:54:17
RT @bonkalore: A commission of â€œThe Hungerâ€ #bughead I got a while back for alpcacalypseart! I had wanted to post it round halloween but thâ€¦,False,en,0,5,2021-02-26 21:53:49
@Bughead_Support bughead,False,en,0,0,2021-02-26 21:49:21
"Ok.. 
i like both Barchie and BugheadğŸ™ˆ
#Riverdale",False,en,0,0,2021-02-26 21:48:43
@CW_Riverdale I'm honestly not going waste my energy on b*rchie anymore because in the end Bughead &amp; Varchie are endgame.,False,en,0,0,2021-02-26 21:48:41
RT @BugheadUpdates: missing bughead forehead kisses #riverdale https://t.co/hPBHBuzigB,False,en,0,4,2021-02-26 21:48:36
RT @BugheadUpdates: Most underrated Bughead scene? #Riverdale https://t.co/9zjR31F1qB,False,en,0,34,2021-02-26 21:48:11
@Bughead_Support Bughead Endgameâ¤,False,en,0,0,2021-02-26 21:47:45
VARCHIE AND BUGHEAD REUNIONS COMING https://t.co/Xrg74LkC0T,False,en,6,0,2021-02-26 21:47:26
RT @BUGGIEDALE: @CW_Riverdale i have a better question. where is bughead? https://t.co/3BtFgcqXdQ,False,en,0,6,2021-02-26 21:47:23
"the story of bughead is betty being in love with archie, cheating on jughead, lying to jughead, not communicating with jughead, and then fucking archie 7 years later. thatâ€™s why bh doesnâ€™t work and is fantasy https://t.co/SjXnh51Cg5",True,en,19,2,2021-02-26 21:46:30
"RT @Decy_Fanarts000: She's pregnantğŸ¤—ğŸ¤—!! You can read the short story on Ao3 or Wattpad called 'Cat Reveal'ğŸ±ğŸ±

#bughead 
@lilireinhart 
@colâ€¦",False,en,0,14,2021-02-26 21:43:49
@Bughead_Support Bugheadâ¤ï¸,False,en,0,0,2021-02-26 21:43:40
missing bughead forehead kisses #riverdale https://t.co/hPBHBuzigB,False,en,51,4,2021-02-26 21:41:29
@Bughead_Support Bughead,False,en,0,0,2021-02-26 21:40:55
@Bughead_Support Bughead ğŸ’™ğŸ’›,False,en,1,0,2021-02-26 21:39:24
RT @Bughead_Support: Comment Bughead if you're here until the end. Just trying to see something... #Riverdale,False,en,0,5,2021-02-26 21:38:18
"A commission of â€œThe Hungerâ€ #bughead I got a while back for alpcacalypseart! I had wanted to post it round halloween but that was also when my computer decided to die on and off for 2 months and then I forgot. 8â€²)

Well Iâ€™m posting it now! 

#JugheadTheHunger https://t.co/TqxQfNQbjT",False,en,13,5,2021-02-26 21:37:07
@Bughead_Support bughead https://t.co/zUoUwbz1T7,False,en,0,0,2021-02-26 21:36:46
RT @BestShipsInTheW: Jughead and Betty from Riverdale  https://t.co/hiOcsjSxxh,False,en,0,51,2021-02-26 21:36:34
RT @smugheadjones: they donâ€™t talk about anything https://t.co/Op9oMjZAaP,True,en,0,5,2021-02-26 21:35:28
@azalben Alex yu down bad ğŸ¤£ğŸ¤¦ğŸ¾â€â™€ï¸. we need bughead back after hiatus . https://t.co/4r2Q3uKPik,False,en,0,0,2021-02-26 21:34:56
@Bughead_Support BugheadğŸ˜Œ,False,en,0,0,2021-02-26 21:34:02
"@Bughead_Support Bughead
https://t.co/zzs2RlPW9j",False,en,1,0,2021-02-26 21:33:58
@CW_Riverdale nah bughead endgame. they look so disconnected,False,en,2,0,2021-02-26 21:32:34
RT @BugheadUpdates: This was probably the best moment in the Bughead fandom. It's gonna be so much better when they get back together #Riveâ€¦,False,en,0,43,2021-02-26 21:31:46
@Bughead_Support bughead ğŸ˜¼,False,en,0,0,2021-02-26 21:31:06
RT @bcttyronnie: naley x bughead parallels; a thread https://t.co/AcO16Cm97s,False,en,0,10,2021-02-26 21:30:53
@Bughead_Support bughead.,False,en,0,0,2021-02-26 21:23:17
"RT @MidwestRambling: As a person who does in fact ship Bughead, I must admit these Barchie scenes are hotter than the OG couples... and thaâ€¦",False,en,0,12,2021-02-26 21:23:14
@Bughead_Support Bughead love them https://t.co/n51uJGe2Xa,False,en,0,0,2021-02-26 21:20:47
RT @bugheaddox: I want to make some friends on here so feel free to private message me I would love to get to know you all ğŸ’  #Riverdale #Hâ€¦,False,en,0,1,2021-02-26 21:19:28
@lovexvision @lilireinhart i said bughead true love and barchie just backup,False,en,0,0,2021-02-26 21:18:57
I want to make some friends on here so feel free to private message me I would love to get to know you all ğŸ’  #Riverdale #HarryPotter #BUGHEADENDGAME #bughead #dramione #choni #varchie #hinny #wolfstar #remadora #jilly #Titanic #SpiderMan,False,en,3,1,2021-02-26 21:18:11
@Bughead_Support @_cristimtz04 Bughead,False,en,0,0,2021-02-26 21:17:16
I feel like Bughead will find Polly!! https://t.co/2qXEZ8fWqo https://t.co/Bux1kjHHdk,True,en,1,0,2021-02-26 21:15:49
@Bughead_Support Bughead Endgame ğŸ¥°ğŸ¥°ğŸ¥°,False,en,1,0,2021-02-26 21:15:32
@Bughead_Support Always a bugheader... @bughead_support,False,en,0,0,2021-02-26 21:15:07
@CW_Riverdale bughead could find her,False,en,0,0,2021-02-26 21:14:47
"1 hour and 44 minutes left....
#TeamBughead #Bughead https://t.co/tTxVmgpPkX",True,en,0,0,2021-02-26 21:12:51
@Bughead_Support bughead :),False,en,0,0,2021-02-26 21:12:34
RT @reinhartsdivine: @CW_Riverdale endgame couple ğŸ‘‡ğŸ» #bughead https://t.co/70WyQ1NbuS,False,en,0,1,2021-02-26 21:12:34
@10000sexarses a very violent thought crept into my mind when I saw this. Bughead.,False,en,1,0,2021-02-26 21:09:13
"RT @Deckerstar_6666: For the #Riverdale fans.
(I'm personally a Bughead shipper)",False,en,0,162,2021-02-26 21:08:03
@Bughead_Support BUGHEAD,False,en,1,0,2021-02-26 21:07:57
@CW_Riverdale bughead will find her https://t.co/7ZybF8LWf5,False,en,30,1,2021-02-26 21:07:18
RT @mariareinhaart: where is bughead?devolvedme a bughead,True,en,0,1,2021-02-26 21:06:40
@Bughead_Support Bughead âœ¨,False,en,0,0,2021-02-26 21:06:09
@chintandesaiii @classyreinhart Just Wait and watch bugHead and Varchie is end game here,False,en,0,0,2021-02-26 21:05:33
@Bughead_Support Bughead :),False,en,0,0,2021-02-26 21:05:20
RT @reinhartsdivine: miss you.... :( #bughead https://t.co/0aHijaoNjU,False,en,0,3,2021-02-26 21:04:12
"134) iâ€™m pregnant - 50shades-of-bughead (betty cooper + jughead jones)ğŸ¤°ğŸ¼

one-shot // sem contagem (drabble tumblr)",False,en,0,0,2021-02-26 21:03:41
also my biggest flex is that I saw this moment live and I told my siblings (who shipped bughead) that I had a big feeling they were going to kiss and when then they did ğŸ˜ğŸ˜ and my siblings said they were cute too,False,en,1,0,2021-02-26 21:02:55
where is bughead?devolvedme a bughead https://t.co/TqFsN3j2eg,True,en,1,1,2021-02-26 21:02:42
@CW_Riverdale Idk maybe jughead can help bughead exes to lovers https://t.co/UQdaHcv9XZ,False,en,11,1,2021-02-26 21:02:06
@CW_Riverdale i have a better question. where is bughead? https://t.co/3BtFgcqXdQ,False,en,46,6,2021-02-26 21:01:34
"BARCHIE or BUGHEAD.     
Me: bughead is endgame ğŸ’•. @CW_Riverdale",False,en,0,0,2021-02-26 21:01:19
@Bughead_Support Bughead!,False,en,0,0,2021-02-26 21:01:16
RT @BugheadUpdates: @CW_Riverdale okay and bughead when https://t.co/ty4Rcel2ri,False,en,0,7,2021-02-26 21:01:15
@classyreinhart @Bughead_Support gonna rewatch season 1 for these scenes and these scenes only,False,en,0,0,2021-02-26 21:00:42
@classyreinhart @Bughead_Support i miss them solving mysteries and kissing and cuddling ğŸ˜’,False,en,0,0,2021-02-26 20:59:25
@Bughead_Support @BugheadUpdates bughead,False,en,1,0,2021-02-26 20:58:42
@classyreinhart @Bughead_Support For sure can't wait ğŸ˜,False,en,0,0,2021-02-26 20:54:52
Bughead or barchie  Â¯\_(ãƒ„)_/Â¯,False,en,0,0,2021-02-26 20:54:08
@Bughead_Support Bughead 4 life,False,en,1,0,2021-02-26 20:53:36
RT @rhondasa10: #barchie cannot be endgame nd d reason is not #varchie its #bughead...its just the superior ship...archie will always b a pâ€¦,False,en,0,1,2021-02-26 20:53:29
@Bughead_Support bughead endgame,False,en,1,0,2021-02-26 20:52:01
@Bughead_Support Bughead â¤ğŸâ¤,False,en,1,0,2021-02-26 20:50:09
any good bughead parenting fanfic recommendation???,False,en,3,0,2021-02-26 20:49:01
"@Ls2393710611 @CW_Riverdale ik its your opinion I just think its dumb that u want pay back like I live Bughead and Varchie but I wanna see where Barchie goes im sorry I came off rude but all I wanna see ifBarchie gets somewhere, thats my opinion and I get yours but why would they get pay back after 7 years?",False,en,0,0,2021-02-26 20:48:37
"@Stephaniess8241 @RiverdaleBrasil @WarnerChannelBR Keep dreaming, Bughead is dead",False,en,0,0,2021-02-26 20:48:31
@bughead_luvs @Bughead_Support @BugheadUpdates Bughead endgame,False,en,0,0,2021-02-26 20:45:45
@colesprouse m taking your dating privileges ğŸ˜Œâœ‹ğŸ¿.  #Riverdale #jughead #bughead #southsideserpants,False,en,1,0,2021-02-26 20:45:43
not me having #bughead depression hour ..,False,en,4,0,2021-02-26 20:45:29
miss you.... :( #bughead https://t.co/0aHijaoNjU,False,en,35,3,2021-02-26 20:44:58
I miss bughead wtf https://t.co/j66usvwhjf,False,en,9,0,2021-02-26 20:43:22
@Erisluvie @enigmabuqhead and of s2 i think,False,en,0,0,2021-02-26 20:42:47
they are meant to be together #bughead https://t.co/cfa8t3sICH,False,en,12,1,2021-02-26 20:41:58
@Bughead_Support BugheadğŸ˜™,False,en,1,0,2021-02-26 20:40:25
@Bughead_Support #bughead ğŸ’¯ nothing changing my mind :),False,en,1,0,2021-02-26 20:39:12
"RT @BUGGIEDALE: calling one couple a  ""chemistry waste"" when THIS excited while their ""chemistry"" was wasting is just embarrassing. 
#Riverâ€¦",False,en,0,24,2021-02-26 20:38:54
"RT @PRFCTSPR0USE: tori here! iâ€™m backğŸ¤— 
hereâ€™s my stan list!
 â€¢ sabrina carpenter
 â€¢ justin bieber 
 â€¢ jughead jones &amp; cole sprouse 
 â€¢ oliâ€¦",False,en,0,9,2021-02-26 20:38:49
@Bughead_Support Bughead.,False,en,1,0,2021-02-26 20:37:36
@CW_Riverdale BUGHEAD ENDGAME PERIOD!â¤,False,en,0,0,2021-02-26 20:36:48
"@SuperheroTVcom neither, bughead",False,en,1,0,2021-02-26 20:36:32
RT @bugheadblossom: @CW_Riverdale OK NOW GIVE US BUGHEAD AND CHONI,False,en,0,6,2021-02-26 20:35:05
"RT @reinhartsbliss: @CW_Riverdale Bughead endgame ğŸ˜—
https://t.co/MH0rETfi6n",False,en,0,12,2021-02-26 20:34:55
relationship was weird (again pre manipulation revelation) couldn't care less that the same standards kind of applied to bughead. my point is I couldn't care less if people ship bughead just don't be a hypocrite about it please,False,en,1,0,2021-02-26 20:34:53
I also think that before it was revealed that she manipulated him people thought Jenna and Toby's relationship in pll was weird bc they were step siblings and #bughead practically were step siblings and even shared a sibling and the same people who thought Jenna and Toby's,False,en,1,0,2021-02-26 20:34:53
RT @jenniesivy: @CW_Riverdale bughead endgame when https://t.co/G7kmcS3V1d,False,en,0,14,2021-02-26 20:34:48
@CW_Riverdale bughead endgame bitches,False,en,0,0,2021-02-26 20:34:39
@Bughead_Support Bughead ğŸ’•,False,en,1,0,2021-02-26 20:31:58
@Bughead_Support @BugheadUpdates bughead forever https://t.co/bX9AQ24p2U,False,en,1,0,2021-02-26 20:28:38
@classyreinhart hes wrote me on every bughead posts about 100x deep down I swear that this person is a bughead,False,en,1,0,2021-02-26 20:28:36
@Bughead_Support bughead bby ğŸ˜™âœŒï¸,False,en,1,0,2021-02-26 20:27:26
@CW_Riverdale endgame couple ğŸ‘‡ğŸ» #bughead https://t.co/70WyQ1NbuS,False,en,5,1,2021-02-26 20:27:06
"RT @bestshipsxworld: toni topaz and cheryl blossom from riverdale
 https://t.co/mwWsT4ofLI",False,en,0,114,2021-02-26 20:26:08
Comment Bughead if you're here until the end. Just trying to see something... #Riverdale,False,en,90,5,2021-02-26 20:25:59
@glowlust the last time i watched bughead was still a thing,False,en,0,0,2021-02-26 20:15:21
naley x bughead parallels; a thread https://t.co/AcO16Cm97s,False,en,54,10,2021-02-26 20:13:59
Bughead Comeback on season 5 ??ğŸ™ğŸ»ğŸ™ğŸ» @azalben @CW_Riverdale @lilireinhart,False,en,0,0,2021-02-26 20:12:38
"@slowburnsftw you can tell Archie loves Ronnie, and the sex is meaningless between barchie. anyways why are you so obsessed with every bughead fan?",False,en,0,0,2021-02-26 20:09:50
"@CW_Riverdale I like both #Barchie and #Bughead, it's complicated and I know I need help. ğŸ˜œ #RiverdaleSeason5",False,en,0,0,2021-02-26 20:09:33
@azalben Bughead Comeback on season 5,False,en,1,0,2021-02-26 20:08:18
"@crimsonclover90 @barchanted Yeah, because Bughead makes such a dang great team.",False,en,0,0,2021-02-26 20:08:09
"i think they are gonna show us like a cropped bh scene and weâ€™ll see something suspicious cause we know our king&amp;queen, and will spend THE 4 WHOLE MONTHS proving that in fact, is a bughead sceneğŸ˜Œ https://t.co/ld2PfCZHzB",True,en,1,0,2021-02-26 20:05:30
@JakeConcentrate I miss bughead ğŸ˜­,False,en,0,0,2021-02-26 20:04:45
"RT @NetflixLifee: Who do you ship? 

RT Bughead 
Like for Barchie 

#Riverdale https://t.co/Hus12z4PAE",False,en,0,3185,2021-02-26 20:01:34
"tori here! iâ€™m backğŸ¤— 
hereâ€™s my stan list!
 â€¢ sabrina carpenter
 â€¢ justin bieber 
 â€¢ jughead jones &amp; cole sprouse 
 â€¢ olivia rodrigo 
 â€¢ and bughead 

ğŸ™ğŸ»DO NOT FOLLOW IF U LIKE B*RCHIE I DONT SAY VERY NICE THINGS ABOUT THEM. B*RCHIE FREE SAFE ZONE IS HEREğŸ™ğŸ»)",False,en,51,9,2021-02-26 20:00:31
just a little thread of how you shouldnâ€™t worry about varchie or bughead &lt;3,False,en,32,6,2021-02-26 19:56:08
RT @dylsbrien: majority of bugheadâ€™s shippers comes from people obsessed with cole sp*ouse especially locals,False,en,0,9,2021-02-26 19:51:56
"@crimsonclover90 @barchanted Um, Bughead is still driving the mysteries.",False,en,0,0,2021-02-26 19:47:54
"RT @mybarchie: one more thing, when barchie gets in a confirmed relationship THEN we can start comparing and contrasting to varchie and bugâ€¦",False,en,0,5,2021-02-26 19:47:18
"@crimsonclover90 @barchanted Then why are you arguing with a Bughead? Go enjoy the content while it lasts.
I was explaining how I felt thus far: B&amp;A offer nothing enticing together",False,en,0,0,2021-02-26 19:47:06
@TABlTHATATE @jugschandler WHY DID U ADD A BUGHEAD GIF THEY HAVE NOTHING TO DO WITH THIS!@#$56,False,en,0,0,2021-02-26 19:46:52
"She's pregnantğŸ¤—ğŸ¤—!! You can read the short story on Ao3 or Wattpad called 'Cat Reveal'ğŸ±ğŸ±

#bughead 
@lilireinhart 
@colesprouse https://t.co/swVBC51Ec3",False,en,87,14,2021-02-26 19:44:38
so what? they can ship varchie. i love bughead too https://t.co/mmGKOqykwM,True,en,5,0,2021-02-26 19:44:22
RT @willsjug: right but when are we getting them back?? #Riverdale https://t.co/ir8mzqm065,False,en,0,14,2021-02-26 19:42:40
Itâ€™s missing bughead hours https://t.co/jx9DFIjUKO,False,en,1,0,2021-02-26 19:39:29
"RT @apreciegIlespie: @djnships Bughead

JATP DESERVES A SEASON 2",False,en,0,1,2021-02-26 19:37:38
RT @BugheadGif: it's good to see you too jug [5.05] #bughead #riverdale https://t.co/O3qlnpVAC9,False,en,0,110,2021-02-26 19:35:25
"Choni, Bughead, and Varchie are so relaxing and calming to see",False,en,11,0,2021-02-26 19:35:14
"@djnships Bughead

JATP DESERVES A SEASON 2",False,en,1,1,2021-02-26 19:33:16
"@sprcole i mean, he always wears converse, and the picture is a man wearing converse",False,en,0,0,2021-02-26 19:32:21
"@geritisfanfic @snsationalmagic @stydisonvibes They would be cute, but the writers would never do that sadly. :/ I canâ€™t help but to feel no matter who they put her with, the storyline is gonna be used to cause angst between the ships. Bughead and Choni will get back together in the end. She deserves better.",False,en,1,0,2021-02-26 19:26:19
someone wrote 'bughead' with a heart in my science textbook....i agree,False,en,0,0,2021-02-26 19:24:03
Started watching Riverdale because of #varchie tbh. I like them almost as much as #bughead. Also like for varchie ;) https://t.co/pwm9qR6mi1,True,en,1,1,2021-02-26 19:20:07
RT @bugheadIines: im surviving. â€˜cause youâ€™re here with me. https://t.co/hKHSZks9Rh,False,en,0,38,2021-02-26 19:18:18
RT @fcrsythe: if you think betty and jughead are on good terms right now then youâ€™re not watching the show correctly,False,en,0,20,2021-02-26 19:18:18
RT @bugheadspov: sigh... #Riverdale https://t.co/Hu4bAajJiZ,False,en,0,68,2021-02-26 19:17:02
RT @juqheadjonez: thinking abt how theres babies right beside them ğŸ’–ğŸ’˜ğŸ’ğŸ’•ğŸ’ğŸ’ğŸ’— https://t.co/VwhvpT625e,False,en,0,11,2021-02-26 19:17:00
RT @castrvdooc: one of my favorite videos https://t.co/FjOIkqKVEY,False,en,0,8,2021-02-26 19:16:40
"RT @bugheadspov: is jughead home?
no heâ€™s at work
oh ğŸ˜•
GIRLY LOOKED DISAPPOINTED AND FOR WHAT ğŸ˜­ğŸ˜­",False,en,0,28,2021-02-26 19:16:13
@CW_Riverdale I know you guys are really trying hard with this... and I do like them as individuals and best friends but I just canâ€™t like them together. Iâ€™ve tried but I think itâ€™s because #bughead existed before... just feels weird not seeing them together now ğŸ˜” https://t.co/lsmK76uJHY,False,en,1,0,2021-02-26 19:14:34
@bettyandjugrd @BarchieUpdates @RiverdaleWriter @WriterRAS please the betty and archie comments almost have the same amount of liked as the bughead comments,False,en,1,0,2021-02-26 19:13:01
RT @enbytabitha: miss tabitha tate youâ€™ve committed a crime...you stole my heart https://t.co/iirRtS7o3l,False,en,0,32,2021-02-26 19:09:15
RT @CavalieriYlenia: @BugheadUpdates @Bughead_Support I really miss these two ğŸ˜­ğŸ˜â¤ï¸,False,en,0,1,2021-02-26 19:08:54
@N0va145 7 yrs hav passed nd b and a mite give der relationship a chance but my point is dey bth will b pulled in opp directions cos of v nd jug.....dey luv each oder coz dey r childhood bests frnds nd probably even dey expected to end up 2gether but #VARCHIE and #bughead happened...,False,en,1,0,2021-02-26 19:08:50
RT @cachervans: I'M NOT REALLY PREPARED IN ANY WAY FOR THIS. I'M GOING TO COLLAPSE https://t.co/1GdXqxKLlk,False,en,0,6,2021-02-26 19:08:15
RT @glialtrituttiaf: I miss my #BugHead . Bye. #Riverdale,False,en,0,1,2021-02-26 19:08:04
@BugheadUpdates @Bughead_Support I really miss these two ğŸ˜­ğŸ˜â¤ï¸,False,en,2,1,2021-02-26 19:05:09
if you don't see he's jealous of bughead i honestly don't know what to tell you.. https://t.co/IcbfPV3hh6,False,en,28,0,2021-02-26 19:04:39
if you dont ship bughead and varchie ima assume you just dont have taste for amazing ships,False,en,3,0,2021-02-26 19:04:14
when jughead finally comes back to talk with her and they both talk on missing each other betty says I asked about you the other day and we finally get our slowburn bughead reunion https://t.co/aO0gXLPIyU,True,en,3,0,2021-02-26 19:02:41
@CW_Riverdale NopeğŸ¤¢ğŸ¤¢ğŸ¤¢ğŸ¤¢ this is cheapening how important and great Bughead &amp; Varchie are. Archie&amp;Betty are not it.,False,en,0,0,2021-02-26 19:02:39
@nymonologue is this like.. in the name of bughead?,False,en,1,0,2021-02-26 19:01:11
RT @lia_bronte: I want them back ğŸ¥ºğŸ¤ #bughead,True,en,0,3,2021-02-26 18:59:00
@jugxc yes but its fine when i see bughead ğŸ˜Œ,False,en,1,0,2021-02-26 18:54:31
#bughead FOREVER!!,False,en,0,0,2021-02-26 18:52:32
bughead are getting kinda ****** ğŸƒğŸƒğŸƒğŸƒğŸƒğŸƒğŸƒ,False,en,1,0,2021-02-26 18:50:04
Got s2 of Riverdale in the mail. Now I can start my rewatch &amp; thus my bughead vid for that season. ğŸ˜,False,en,0,0,2021-02-26 18:48:44
"RT @azalben: Wow, seven years and now Betty doesn't even remember her ex-boyfriend's name, smdh https://t.co/n0QQM3W8J0",False,en,0,93,2021-02-26 18:48:36
RT @BUGGIEDALE: Mr. Jones looks extra cute in this episode https://t.co/aeaROqPcdk,False,en,0,45,2021-02-26 18:46:54
"RT @maoagenes: â € â €â €
â € â €â €
            /  just  a  reminder  that  ,  I  DON'T  SHIP  BARCHIE  .  nor  bughead  either  really  .  sorry  guyâ€¦",False,en,0,2,2021-02-26 18:45:45
"@colessmile1 @BugheadUpdates Awwww, you just made my day so much better. I've been thinking about bughead the whole day. I don't like Archie and Betty together. Jug and betty for life!!! That's the way it should be",False,en,0,0,2021-02-26 18:43:00
bughead: https://t.co/8Bg0LnSzI9,False,en,0,0,2021-02-26 18:41:04
"RT @sofia_cole4: ğŸ‘«ğŸ”¥ bughead is dead and should never come back. my baby deserves something real. Tabitha is the real deal, and jughead hasnâ€¦",True,en,0,1,2021-02-26 18:39:24
"ğŸ‘«ğŸ”¥ bughead is dead and should never come back. my baby deserves something real. Tabitha is the real deal, and jughead hasnt looked this lighthearted all the past 4 seasons. @WriterRAS keep barchie, jughead deserves better than both of those sociopaths BUT jabitha stays! https://t.co/RCWoFUdSpY",True,en,6,1,2021-02-26 18:37:48
"one more thing, when barchie gets in a confirmed relationship THEN we can start comparing and contrasting to varchie and bughead. NOT now when theyâ€™re in a literal fwb situationğŸ˜­",False,en,59,5,2021-02-26 18:37:22
"@classyreinhart Iâ€™m 100% convinced theyâ€™re a BH/VA stan. They barely post about their ship, their entire issue mainly contains th QTing Bughead and Varchies to spread hate.",False,en,1,0,2021-02-26 18:37:04
anyways #bughead / #sprousehart was real unlike barchie and their 3 sâ‚¬x scenes ğŸ˜’ and they probably gonna end after a few eps wbk ğŸ˜‚ so stay mad idc #BUGHEADENDGAME https://t.co/lmRwBeoIeK,False,en,1,0,2021-02-26 18:36:51
"i have a confession to make,,,,,,,,,,,,,, i used to have a riverdale fanpage on insta and i shipped bughead ğŸ§ğŸ§",False,en,6,0,2021-02-26 18:35:16
RT @barchiesupreme: This u? @ bughead stans https://t.co/ObwRcXzp4o,True,en,0,1,2021-02-26 18:34:43
This u? @ bughead stans https://t.co/nrpIlT0nIS https://t.co/ObwRcXzp4o,True,en,2,1,2021-02-26 18:31:24
"@bettyandjugrd @RiverdaleWriter @WriterRAS You mean Bughead stans with Coleâ€™s icones lol? Again please google â€œgeneral audienceâ€, read carefully and then come back. Also reply with 400 likes against 350000 likes of actual post when pro Barchie comments have the same energy? Pls ğŸ˜„",False,en,5,0,2021-02-26 18:24:36
bughead https://t.co/dmWEgoQCvx,True,en,1,0,2021-02-26 18:24:28
bughead https://t.co/gh1RZEjAJ3,True,en,1,0,2021-02-26 18:24:01
bughead s1 https://t.co/tqfs8sGXet,True,en,0,0,2021-02-26 18:23:30
bughead https://t.co/LLAf8x1Vwb,True,en,0,0,2021-02-26 18:23:18
@bettyandjugrd @BarchieUpdates @RiverdaleWriter @WriterRAS And they're people with more accounts to spam on the post cause you bughead's are delusionalğŸ˜‚,False,en,0,0,2021-02-26 18:22:46
@SuperheroTVcom sorry #bughead,False,en,2,0,2021-02-26 18:22:28
bughead https://t.co/p9qXerMKKA,True,en,0,0,2021-02-26 18:19:59
bughead https://t.co/FrSla5jkU6,True,en,1,0,2021-02-26 18:19:06
Posting a bughead picture everyday until they get back together: Day 16â¤ï¸ğŸ•¯ï¸ https://t.co/xdtxGfBwlT,False,en,4,0,2021-02-26 18:17:31
@biohazardre3 When they get bughead after the hiatus and barchie is no longer https://t.co/8PQqaxRusg,False,en,1,0,2021-02-26 18:15:49
RT @classyreinhart: the day we get them back is gonna be such a good dayğŸ˜Œ #Riverdale https://t.co/ZpzlUYiL4p,False,en,0,70,2021-02-26 18:15:42
bughead  i think jughaed is taller https://t.co/xbvtYOpRn7,True,en,1,0,2021-02-26 18:15:00
bughead https://t.co/VEZTxKDzj0,True,en,1,0,2021-02-26 18:14:15
bughead but is jughead rlly a goth https://t.co/jurre4nkGS,True,en,0,0,2021-02-26 18:13:32
bughead https://t.co/cKUX3rb8gQ,True,en,0,0,2021-02-26 18:13:06
bughead s1 https://t.co/lC1X2JN6xd,True,en,0,0,2021-02-26 18:12:45
RT @BugheadUpdates: This hurt a little... #Riverdale https://t.co/LHwdb6dpeX,False,en,0,40,2021-02-26 18:11:32
@CW_Riverdale they do kinda have chemistry but they gave us no time to move on from bughead. if they did it slowly over this whole season iâ€™d like it better but riverdale too focused on sex and relationships to care about a storyline,False,en,0,0,2021-02-26 18:10:25
bughead again https://t.co/GDlMLjTxJ6,True,en,0,0,2021-02-26 18:08:48
bughead again https://t.co/XOJ87qAUED,True,en,0,0,2021-02-26 18:08:44
s1 bughead https://t.co/8mOZSrymgr,True,en,0,0,2021-02-26 18:08:39
"I honestly think jughead deserves someone better ... Yes. I said fuck it. ğŸ˜’ 

#RiverdaleSeason5 #Riverdale #BUGHEADENDGAME #bughead #Barchie https://t.co/SNRaKsfoDC",True,en,2,0,2021-02-26 18:07:57
"Dude, itâ€™s really fun to do argument wars on riverdaleâ€™s ig just because #barchie vs #bughead â€˜s shipğŸ˜‚",False,en,0,0,2021-02-26 18:07:57
Season 5 Bughead https://t.co/m42GtY8yBc,True,en,2,0,2021-02-26 18:07:41
Varchie &amp; Bughead endgameğŸ˜•ğŸ’”,False,en,0,0,2021-02-26 18:04:31
@CW_Riverdale Bughead Endgame https://t.co/6Lcd5ZA5y0,False,en,1,0,2021-02-26 18:03:23
"The day they/bughead gets back together is gonna be the best day. Happy, emotionally, and just everything will be OK! https://t.co/VpSe9wLerV",False,en,1,0,2021-02-26 18:01:53
This was probably the best moment in the Bughead fandom. It's gonna be so much better when they get back together #Riverdale https://t.co/ap5goYo641,False,en,291,43,2021-02-26 18:01:40
@buvghead call it now that its tabitha,False,en,0,0,2021-02-26 18:01:37
"RT @valudanna: @CW_Riverdale Bughead endgame
https://t.co/UV9nzt9CW9",False,en,0,3,2021-02-26 18:01:12
"RT @nikkkicorn: Iâ€™m missing the #bughead scenes, even just general interaction together... #Riverdale",False,en,0,7,2021-02-26 18:00:11
RT @archietonis: is this the first time since 1.01 bughead hasnâ€™t interacted,False,en,0,8,2021-02-26 17:58:48
RT @reinhartsdreams: @CW_Riverdale okay but bughead endgame  https://t.co/R5r8b4LWp6,False,en,0,4,2021-02-26 17:58:23
@yan07452452 @touchitmaraj @lilireinhart Haha so a two year old now can write and they has social media. And I am spaming you to make you realise that bughead ships and they are true and they the ones who made the show more popular. Not barchie I am afraid. Also I don't hate barchie,False,en,0,0,2021-02-26 17:57:40
@CW_Riverdale Anyways bughead endgame https://t.co/j5mT5L0BFF,False,en,1,0,2021-02-26 17:51:20
RT @reinhartbrina: fetus betty and jughead https://t.co/9arzZJ8IJG,False,en,0,44,2021-02-26 17:50:16
"@CW_Riverdale Bughead was the best ship in ur ridiculous show, now u ruined everything https://t.co/q6vSOBsKVG",False,en,1,0,2021-02-26 17:47:58
@CW_Riverdale bughead exes to lovers when?,False,en,5,0,2021-02-26 17:44:58
@classyreinhart @Bughead_Support Can't wait ğŸ¥°ğŸ¤,False,en,0,0,2021-02-26 17:43:20
riverdale without bughead is driving me crazy ğŸ˜¬ğŸ˜¬ but... so much steamy for archie &amp; betty ğŸ¤¤,False,en,0,0,2021-02-26 17:38:54
@CW_Riverdale Bughead forever thank you https://t.co/vujPEpZk3b,False,en,8,0,2021-02-26 17:36:38
@CW_Riverdale Just give us back bughead already. We know itâ€™s going to happen.,False,en,5,0,2021-02-26 17:35:43
majority of bugheadâ€™s shippers comes from people obsessed with cole sp*ouse especially locals,False,en,144,9,2021-02-26 17:34:42
@LvnaSt0rta @Bughead_Support @CW_Riverdale they look so unhappy,False,en,11,0,2021-02-26 17:34:15
@CW_Riverdale I prefer BUGHEAD !!!!!ğŸ¥°ğŸ¥°ğŸ¥°ğŸ¥°,False,en,2,0,2021-02-26 17:33:56
@barcheated THEY ARE SO ANNOYING HOW IS IT POSSIBLE TO BE THIS ANNOYING THEY DO THIS ALL THE TIME UNDER BARCHIES POSTS â€˜bughead endgameâ€™ â€˜NOOO bughead only ğŸ¤¢â€™ LIKE PLEASE SHUT UP??? ğŸ˜­,False,en,2,0,2021-02-26 17:33:19
@CW_Riverdale *Bughead please* my grammars nice,False,en,2,0,2021-02-26 17:32:09
@colessmile1 @CW_Riverdale if you order bughead on Wish you will get barchie ğŸ¤ª,False,en,13,0,2021-02-26 17:30:18
@bugheadspov This is why bughead needs to come back,False,en,0,0,2021-02-26 17:29:55
"@classyreinhart @Bughead_Support Birthday, Easter and Christmas all at once ğŸ™",False,en,0,0,2021-02-26 17:27:36
RT @AaronMCGS: I'm probably going to be hated for this but Barchie is better than Bughead or Varchie. I was big Bughead shipper in the firsâ€¦,False,en,0,106,2021-02-26 17:26:10
@classyreinhart @bugheadaIe Of course I would cry from happiness and would run trough my whole house yelling that bughead is back,False,en,6,0,2021-02-26 17:20:18
"RT @BUGGIEDALE: season 2 bughead &gt;&gt;&gt;&gt;&gt; season 1,3,4 bughead",False,en,0,24,2021-02-26 17:19:54
@juqheadjonez My hope for bughead to get back together is insanely low,False,en,2,0,2021-02-26 17:19:39
@CW_Riverdale okay but bughead endgame  https://t.co/R5r8b4LWp6,False,en,56,4,2021-02-26 17:18:03
@CW_Riverdale Bughead endgame https://t.co/qFoxnKCSd2,False,en,4,0,2021-02-26 17:17:52
BUGHEAD ENDGAME,False,en,0,0,2021-02-26 17:17:32
"RT @Aestheticlils: I swear, when we get Bughead reunion, I will never shut up about it. Itâ€™ll be a very emotional day.",False,en,0,1,2021-02-26 17:16:58
@CW_Riverdale Bughead endgameğŸ˜—,False,en,7,0,2021-02-26 17:15:47
"RT @ameliasencen: you know just looking at percabeth fanart wishing I had a relationship like that

ğŸ¥ºğŸ¥ºâ˜¹ï¸â˜¹ï¸",False,en,0,2,2021-02-26 17:15:16
"Ok.
Can you imagine this bughead parallel.
Like:
After the interview with her parents Betty and Jug talk and Betty asks him to help her with the investigation. He asks why he should and she tells him about Polly and then Jug murmurs like ""I have a sense of dejavu"" and after- https://t.co/WfnMCG8J0c",False,en,7,0,2021-02-26 17:14:38
"as much as i love bughead as an investigative duo, itâ€™s fun seeing other people involved with the mysteries of the shows, so i hope they keep them included and they all help each other out #Riverdale",False,en,11,0,2021-02-26 17:13:58
@CW_Riverdale bughead endgame when https://t.co/G7kmcS3V1d,False,en,141,14,2021-02-26 17:11:31
@CW_Riverdale Bughead lover get barchie off the screen and put back bughead just because Lili and Cole broke up doesnâ€™t mean Betty and Jughead had to,False,en,2,0,2021-02-26 17:09:58
@CW_Riverdale okay and bughead when https://t.co/ty4Rcel2ri,False,en,121,7,2021-02-26 17:09:19
"I swear, when we get Bughead reunion, I will never shut up about it. Itâ€™ll be a very emotional day.",False,en,23,1,2021-02-26 17:09:14
@azalben Barchies: â€œBughead is bonesâ€                But in the scene she said Jughead.,False,en,1,0,2021-02-26 17:08:58
i love how bugheads and varchies will both be voting bughead and barchie still has almost half the votes ğŸ’€ğŸ’€ winning https://t.co/e7h4t3BY3I,True,en,4,1,2021-02-26 17:08:35
@classyreinhart Bughead reunion coming after the hiatus. â¤ï¸,False,en,7,0,2021-02-26 17:08:24
@CW_Riverdale Cool now post please bugheadğŸ˜¥ğŸ™ https://t.co/uKGH3m0CgE,False,en,17,0,2021-02-26 17:07:48
RT @BugheadUpdates: which bughead is superior? #riverdale,False,en,0,1,2021-02-26 17:05:30
"@CW_Riverdale Idk if I like the whole #BARCHIE thing cause #Bughead was better and I loved Jug and Betty together, they belong together.",False,en,3,0,2021-02-26 17:03:57
"@CW_Riverdale Bughead endgame ğŸ˜—
https://t.co/MH0rETfi6n",False,en,127,12,2021-02-26 17:03:02
@CW_Riverdale What about bughead???,False,en,7,0,2021-02-26 17:02:29
@CW_Riverdale BUGHEAD ENDGAME SO TURE,False,en,18,0,2021-02-26 17:02:04
@CW_Riverdale OK NOW GIVE US BUGHEAD AND CHONI,False,en,90,6,2021-02-26 17:01:47
@CW_Riverdale Barchie is kinda growing on me but I still love and Bughead ğŸ¥º,False,en,22,0,2021-02-26 17:01:26
RT @sprcole: bughead when,False,en,0,2,2021-02-26 17:00:18
â€œHer biggest cheerleader.â€ #Riverdale #bughead https://t.co/3mZtxx8L5j,False,en,5,0,2021-02-26 16:58:04
when i tell you @falchonis was a bughead and varchie stan and i converted her,False,en,0,0,2021-02-26 16:56:10
"bughead bughead bughead bughead
bughead bughead bughead bughead
bughead bughead bughead bughead
bughead bughead bughead bughead
bughead bughead bughead bughead
bughead bughead bughead bughead
bughead bughead bughead bughead
bughead bughead bughead bughead",False,en,0,0,2021-02-26 16:51:17
I MISS BUGHEAD SM,False,en,0,0,2021-02-26 16:49:43
"@violetlils I am in a Puck, Fabi, Coleâ€™s face missing and Liliâ€™s face missing and bughead depression.",False,en,0,0,2021-02-26 16:49:30
Bughead nation!! https://t.co/MIRtQ7NqKO,True,en,3,0,2021-02-26 16:49:14
@chonistyles WAIT FIRST BUGHEAD AND NOW CHONI TOO!? Im coming for you @ras,False,en,11,0,2021-02-26 16:48:45
@BugheadUpdates *silviaâ€™s bughead depression just grew and she needs bughead more now*,False,en,0,0,2021-02-26 16:43:13
"@Deckerstar_6666 @Bughead_Support bughead is endgame anyway in my opinion,we just have to organise their wedding,anyone can help me?",False,en,1,0,2021-02-26 16:41:39
@santiagoswhore when bughead get back together,False,en,0,0,2021-02-26 16:39:59
"@emotional_Boiii @Popsupremacy @lizamutiny You canâ€™t prove a negative. But the fact that most the major bughead accounts are still active, talking about the show, and talking about specific scenes shows theyâ€™re watching.",False,en,0,0,2021-02-26 16:39:46
"day 8558778382572930753204738578304,hour 5.38 p.m.: i still miss #bughead",False,en,0,0,2021-02-26 16:39:42
I conducted an experiment that Bughead Stans have bland taste that you can't even accept a God's Blessing. Go to EO Executive Optical... Love your eyes/hj,False,en,0,0,2021-02-26 16:38:45
anyone want my spotify playlist that has sad songs for when i cry about bughead and varchie,False,en,0,0,2021-02-26 16:37:35
"i miss bughead i miss bughead i miss bughead
i miss bughead i miss bughead i miss bughead
i miss bughead i miss bughead i miss bughead
i miss bughead i miss bughead i miss bughead
i miss bughead i miss bughead i miss bughead
i miss bughead i miss bughead",False,en,0,0,2021-02-26 16:33:14
@malaksoverparty @lilireinhart IM BUSY CRYING OVER BUGHEAD AND EMOTIONAL SLOWED AND REVERB SONGS AT THAT TIME,False,en,0,0,2021-02-26 16:30:03
RT @BugheadUpdates: Riverdale is going on a 3 month hiatus after 5x10. Prayer circle there's Bughead before the hiatus. #Riverdale,False,en,0,38,2021-02-26 16:28:23
Will always be season one https://t.co/XxHECUVtBu https://t.co/w8Tu6EovXq,True,en,38,0,2021-02-26 16:24:56
@Deckerstar_6666 @Bughead_Support yes I do know it for a fact,False,en,1,0,2021-02-26 16:23:23
RT @wildestlili: bughead 5x12 leaked https://t.co/ibcwPlstVe,False,en,0,6,2021-02-26 16:20:30
which bughead is superior? #riverdale,False,en,20,1,2021-02-26 16:19:10
RT @sprcole: me when I make up fake scenarios in my head about how the bughead reunion will be https://t.co/bcys6RfZZx,False,en,0,22,2021-02-26 16:18:58
bughead if they were poc https://t.co/cRvV1butDV,True,en,0,0,2021-02-26 16:18:40
BUGHEAD GUYS https://t.co/UzWD29pang,True,en,1,0,2021-02-26 16:18:12
im not crying.....we both are.....#riverdale #bughead #bugheadfans https://t.co/StcTAL2pff,True,en,2,0,2021-02-26 16:17:37
my bughead heart &lt;/3,False,en,0,0,2021-02-26 16:16:38
"i feel like bughead is bones, like i can see varchie getting back together easily but just not bughead.

 donâ€™t tell anyone i said that",False,en,7,0,2021-02-26 16:14:56
@tolovethis @Bughead_Support Do you know that for sure or are you just hoping that it's true?,False,en,2,0,2021-02-26 16:13:19
bughead stans please help them ğŸ˜­ https://t.co/ZaLp4Bi4HF,True,en,5,0,2021-02-26 16:12:16
@N0va145 if b dsnt mind remaining n option for arch hu vil keep goin bak nd forth dats wat his chara is all about nd dats canon frm d comics den dats on her.she desrves btter nd m sure she will see it too.Y vud u settle 4 smeone halfassed nd not somone hu will go all d way for u #bughead,False,en,0,0,2021-02-26 16:10:27
If Barchie didn't think it was wrong why hide it? All they have is sex! #bughead and #varchie have more of a connection.,False,en,1,0,2021-02-26 16:08:45
just donâ€™t compare naley and bughead though.,False,en,0,0,2021-02-26 16:08:29
"RT @Aestheticlils: If this season is showing anything, itâ€™s showing that BA can never do it better than Bughead and Varchie. 

Shower sceneâ€¦",False,en,0,1,2021-02-26 16:07:03
"Damn it, writers, stop letting Barchie breath the same air as Bughead did, it's their thing. ğŸ˜­ğŸ˜­ğŸ˜­ https://t.co/Gjls4iXC35",True,en,1,0,2021-02-26 16:06:56
"If this season is showing anything, itâ€™s showing that BA can never do it better than Bughead and Varchie. 

Shower scene? Varchie is better. 
Car scene? Bughead is better. 

Theyâ€™re showing all these parallels to show that BH/VA do them better. BA can never win this.",False,en,9,1,2021-02-26 16:04:05
come on bughead nation https://t.co/hWl9kfFPTG,True,en,0,0,2021-02-26 16:03:42
Bughead https://t.co/fQaI3rHk8e,True,en,3,0,2021-02-26 16:01:52
@srsoto26 do you think bughead have a chance?,False,en,0,0,2021-02-26 16:01:30
when you watch riverdale with your mom and she suddenly turns into a barchie shipper...,False,en,2,0,2021-02-26 16:00:37
bughead https://t.co/ewfJhxxokT,True,en,1,0,2021-02-26 15:59:07
bughead? https://t.co/UcOar61p8i,True,en,1,0,2021-02-26 15:58:59
"Also, if Bughead get back together, this better be it. BA better be officially done, bc they canâ€™t keep doing this to Jughead. If Betty gets back with him, she better be actually over Archie.",False,en,8,0,2021-02-26 15:57:55
BUGHEAD https://t.co/B9D5X8kUE0,True,en,1,0,2021-02-26 15:57:18
"RT @Aestheticlils: Nah, the blue and gold will always be Bugheadâ€™s thing, BA can never take that from them. Ever.",False,en,0,1,2021-02-26 15:56:56
bughead https://t.co/02yD3CzyrC,True,en,4,0,2021-02-26 15:56:30
They better give us the best Bughead reunion.,False,en,6,0,2021-02-26 15:56:30
bughead https://t.co/Hpy6u4zXf7,True,en,0,0,2021-02-26 15:55:58
bughead https://t.co/3Mc4lISS5h,True,en,1,0,2021-02-26 15:55:13
riverdale barchie bughead varchie choni endgame cheater rain kiss betty cooper veronica lodge archie andrews jughead jones cheryl blossom toni topaz netflix recap new episode https://t.co/m19C8sF8JA,False,en,0,0,2021-02-26 15:54:28
bughead https://t.co/jNbIoebvPK,True,en,1,0,2021-02-26 15:52:29
I hate the writers for trying to do this. Stop giving Barchie so many things of Bughead. They can never do it better than BH. https://t.co/VHvYNaVLhX,True,en,4,0,2021-02-26 15:52:24
"Nah, the blue and gold will always be Bugheadâ€™s thing, BA can never take that from them. Ever.",False,en,20,1,2021-02-26 15:51:21
@Deckerstar_6666 @BugheadUpdates BUGHEAD!!ğŸ˜¤ğŸ˜¤ğŸ˜¤,False,en,1,0,2021-02-26 15:49:37
bughead https://t.co/36Eek6lbVr,True,en,0,0,2021-02-26 15:47:26
@Popsupremacy @emotional_Boiii @lizamutiny Actually you were the one that said it did. Since you replied to a Bughead post saying that Barchie being together set a viewing record (it didnâ€™t) but now they suddenly have no power over ratings? Which is it? Canâ€™t be both,False,en,0,0,2021-02-26 15:47:09
"RT @bugheadaIe: people are in denial about bughead. 

their arc hasnâ€™t started yet but the seeds are planted. they pushed their arc to theâ€¦",False,en,0,23,2021-02-26 15:46:55
My bughead and varchie heart is still hoping :&lt;,False,en,0,0,2021-02-26 15:43:52
I want bughead fight â€” all i want is for them to finally talk about everything and have a huge blowout fight https://t.co/hAEKAS5P0H,False,en,24,0,2021-02-26 15:41:37
Letâ€™s go #bughead get voting https://t.co/hmFQNgVbOB,True,en,0,0,2021-02-26 15:40:16
Yes that's make me angry if they use tabitha for bughead â€” same i hope they wont use her just to create drama she deserves an independent storyline https://t.co/lhzxvE6bIj,False,en,4,0,2021-02-26 15:37:03
votem em bughead!! https://t.co/fiABKHPTKz,True,en,0,0,2021-02-26 15:33:58
"@Aestheticlils @bugheadsanchor How are they on good terms!? They arenâ€™t speaking for a reason! ğŸ˜… the only two on good terms seems to be Archie and Veronica because like RAS himself said, they talked about it... #bughead didnâ€™t ğŸ˜”",False,en,3,0,2021-02-26 15:31:08
@juqheadjonez bughead done,False,en,0,0,2021-02-26 15:21:26
"RT @juqheadjonez: tl dead, so is bughead",False,en,0,1,2021-02-26 15:19:37
"tl dead, so is bughead",False,en,63,1,2021-02-26 15:18:15
as much as i hate bughead. PLEASE STOP POSTING THIS BARCHIE SCENE EVERYWHERE. my fucking eyes burn from nasty hetero sex.,False,en,1,0,2021-02-26 15:13:01
BARCHIE ISNT IN A 3 YEAR RELATIONSHIP LIKE BUGHEAD WAS?? THEYRE ONLY FWB RIGHT NOW ??? https://t.co/I0eumXmewV,True,en,2,0,2021-02-26 15:09:57
"ğŒğ¢ğ¬ğ¬ğ¢ğ§ğ  ğ²ğ¨ğ®
-
-
Betty lays on Jugheadâ€™s side of the bed. She misses him. Stonewall Prep takes up too much of his time, and she just wants him back here with her.

His pillow doesnâ€™t smell of him anymore. Thatâ€™s what she gets for sleeping on it all week.
-
-
#BUGHEAD",False,en,2,0,2021-02-26 15:06:06
"ğˆğ¬ ğ¢ğ­ ğ­ğ«ğ®ğ?
-
-
â€œAre you and Jughead dating?â€

â€œNo,â€ sheâ€™ll always reply with a well-timed blush of the face, â€œweâ€™re just friends.â€

Itâ€™s believable. Because after all, why would anyone believe the youngest Cooper daughter?
-
-
#BUGHEAD",False,en,0,0,2021-02-26 15:04:09
@barchie2021 On insta itâ€™s bughead_.confessions,False,en,0,0,2021-02-26 15:03:12
RT @heyheyandre_art: new drawing of @lilireinhart and @colesprouse as rapunzel &amp; flynn rider!! âœ¨ #bughead https://t.co/CdW4Iqg00P,False,en,0,314,2021-02-26 15:03:12
Thereâ€™s a certain bughead fan who keeps putting you canâ€™t out do the doer on her story| I shouldnâ€™t mind but it pisses me off. And the girl is really stupid and makes fun of Archie being groomed in s1. https://t.co/ztWFeIzVbI,True,en,1,0,2021-02-26 15:01:49
@a_wculver KJ is hot but no bughead forever,False,en,0,0,2021-02-26 15:01:43
"@emmasben Bughead endgame, you canâ€™t change my mind",False,en,0,0,2021-02-26 15:01:07
@N0va145 Jughead vud never cheat on betty or reject her d way archie did. Dats y bughead is superior. Ders no telling for archie...he mite catch feeling for v again. Dats y hes a pendulum dats his chara.,False,en,0,0,2021-02-26 14:56:49
which is worse varchie or bughead â€” Bughead https://t.co/eTTyQIHroY,False,en,1,0,2021-02-26 14:53:34
Iâ€™m being deadly seriously but why do people actually ship Barchie ğŸ˜³- give me reasons why you ship them #Barchie #RiverdaleSeason5 #bughead,False,en,4,0,2021-02-26 14:48:01
wtf riverdale my varchie and bughead heartğŸ¥ºğŸ‘ğŸ»,False,en,4,0,2021-02-26 14:40:09
"I love all things riverdale; archie, betty, veronica, jughead, cheryl, toni, barchie, bughead, varchie 

I donâ€™t like veronicaâ€™s husband, he can go to hell",False,en,0,0,2021-02-26 14:36:59
RT @Clarawxc: Jughead is a better boyfriend than Archie for Betty season 1.    a thread,False,en,0,4,2021-02-26 14:24:42
RT @bugheadfilms: bugheadâ€™s theme song really is called â€œwe are foreverâ€ https://t.co/iR53VE536w,False,en,0,14,2021-02-26 14:20:17
VOTE BUGHEAD AND RETWEET https://t.co/0UMGOamc8J,True,en,1,0,2021-02-26 14:17:59
@tonidaIe I hope sheâ€™s not getting d4th threats from bugheads like v was as well ..and right like just keep developing them bc when bughead inevitably comes back I hope they donâ€™t just brush it off,False,en,1,0,2021-02-26 14:17:14
Bughead besties vote if you havenâ€™t yet! https://t.co/xhc24nHBVH,True,en,1,0,2021-02-26 14:13:09
Besties if you havenâ€™t voted yet please vote bughead!! https://t.co/iVVZnn3RxH,True,en,3,0,2021-02-26 14:12:37
"@bugverchoni @fcrsythe ""bUt BuGhEaD wErE dAtInG fOr AgEs WhEn He SaId ThAt"" SO?? BARCHIE HAVE BEEN BEST FRIENDS SINCE KINDERGARDEN",False,en,2,0,2021-02-26 14:12:29
"RT @Aestheticlils: Are BAs actually watching the show?? If you think Betty and Jughead are in decent terms right now, youâ€™re wrong. Thereâ€™sâ€¦",False,en,0,6,2021-02-26 14:12:17
RT @colessmile1: I keep imaging this scene where Betty is at pops alone because sheâ€™s struggling with stuff and sheâ€™s visibly upset sittingâ€¦,False,en,0,5,2021-02-26 14:09:13
@Lilirhbrasil Bughead ğŸ¥°â¤,False,en,0,0,2021-02-26 13:56:18
"RT @barchie2021: the way i have every reason to be uncomfortable with bughead, it's not natural to be in a romantic relationship with someoâ€¦",False,en,0,4,2021-02-26 13:56:06
"how similar are we? (stolen from @moonliqtyjess )

+10% has a twin 
+10% curly hair
+10% left handed 
+10% dogs&gt;cats
+10% ships bughead ,choni, or varchie 
+10% dark brown eyes
+10% hufflepuff
+10% can't live without music 
+10% a libra
+10% bad sleep schedule",False,en,3,0,2021-02-26 13:53:41
@Deckerstar_6666 @Barchiedaily why are people still choosing bughead they're not getting together barchie is endgame,False,en,3,0,2021-02-26 13:53:19
bughead when,False,en,43,2,2021-02-26 13:52:41
RT @bugheadspov: @BrianEPaterson missed bughead this week but am loving all the varchie crumbs &lt;33  https://t.co/PgWNtm4JOz,False,en,0,2,2021-02-26 13:46:11
@BrianEPaterson it was just missing some bughead https://t.co/Kv9kixzMJ2,False,en,1,0,2021-02-26 13:46:02
RT @bugheadaIe: @fcrsythe if they paid attention theyâ€™d be worried bughead hasnâ€™t really interacted yet.,False,en,0,1,2021-02-26 13:44:54
@bgrchies thereâ€™s a fic like this with bughead wedding https://t.co/u1A57mN6zQ,False,en,1,0,2021-02-26 13:32:25
"RT @zdayabh: #BUGHEAD: i'll never stop loving you
https://t.co/syCYcaJOb4",False,en,0,94,2021-02-26 13:20:34
"My stans: 
Greyâ€™s anatomy
The vampire diaries 
Riverdale (unfortunately, Iâ€™m embarrassed too nvm I love Bughead, I canâ€™t help it) 
Ariana Grande
NF",False,en,1,0,2021-02-26 13:09:54
@RiverdaleDark good old times,False,en,0,0,2021-02-26 13:00:25
I actually havenâ€™t had 7 years to get over #bughead so can we stop... @CW_Riverdale #barchie ew,False,en,1,0,2021-02-26 12:57:49
@LovelyReiinhart @AnyaBarchie @barchiewalker @RiverdaleWriter @twinmamasworld I don't even understand Bughead. You people really love incest and Aphobia so much ğŸ˜,False,en,1,0,2021-02-26 12:53:56
@bughead_rvdlove morning mega,False,en,1,0,2021-02-26 12:52:57
"RT @bugheadfilms: â€œjughead doesnâ€™t have a tattoo for bettyâ€ really cause i now have over 2,000 masterposts all ranging from 5-50 pages longâ€¦",False,en,0,3,2021-02-26 12:52:30
"RT @BugheadUpdates: ""Look at me. I know you. Youâ€™re a good person, Betty. You might have some darkness, just like me... but youâ€™re not evilâ€¦",False,en,0,51,2021-02-26 12:51:47
@angelgotlost good morning! :),False,en,1,0,2021-02-26 12:51:34
Wearing a beanie and a ponytail and my mom looks at me and goes â€˜youâ€™re literally a bugheadâ€™. Thank u,False,en,5,0,2021-02-26 12:51:00
the ammount of ba know my tl omg,False,en,0,0,2021-02-26 12:39:39
RT @archiesrcnnie: the difference. emotional connection. karma. #Riverdale https://t.co/gMvdPBjYXu,False,en,0,97,2021-02-26 12:37:38
@enigmabuqhead Bugheads and their obsession with archies looks. Sorry Betty and Archie look hotter together than bughead. Bughead was never meant to be hot it was always supposed to be cute which it was for the good parts I guess.,False,en,1,0,2021-02-26 12:32:51
Mi Bughead ğŸ¥ºğŸ’œ https://t.co/dPDam6tnbu,True,en,0,0,2021-02-26 12:31:55
RT @varchienation: I miss  #bughead https://t.co/1OnuXqLgAx,False,en,0,2,2021-02-26 12:28:20
When this comes from a BUGHEAD fan. The BARCHIE serve is evident folks! https://t.co/hkO7gaBAtf,False,en,5,0,2021-02-26 12:26:00
@suskarsgard bughead&gt;&gt;,False,en,0,0,2021-02-26 12:25:21
RT @robynchoni: itâ€™s so nice to not have bughead taking up 99% of the screentime anymore,False,en,0,7,2021-02-26 12:25:01
RT @smugheadjones: @BrianEPaterson bughead exes to lovers will be your serve https://t.co/A08Hp0LT7h,False,en,0,2,2021-02-26 12:24:44
"@_shrimpcrackers THEY MADE MRS GRUNDY A HORNY 39 YR OLD WHO HAD SEX WITH ARCHIE!!!! 
MY CHILDHOOD IS RUINEDDDD AND NO AMOUNT OF MYSTERY THRILLER OR HOT MAKEOUT OF BUGHEAD CAN MAKE UP FOR IT https://t.co/zCC2i2Do43",False,en,1,0,2021-02-26 12:19:24
"@LovelyReiinhart @barchiewalker @RiverdaleWriter @twinmamasworld What's so funny about their reaction? You just write no and that's it. I don't see what the point is. They just tell you why they should be together. I don't understand you bughead fans. If you start to enter into an argument with someone, then immediately write normally...",False,en,2,0,2021-02-26 12:10:13
@RiverdaleWriter Silently waiting for bughead to come backğŸ˜Œ,False,en,0,0,2021-02-26 12:00:00
BUGHEAD IS TURNING INTO THE NEW BARCHIE HEAR ME OUT,False,en,0,0,2021-02-26 11:48:22
bughead â€” bones?  https://t.co/wxlP31puu3,False,en,1,0,2021-02-26 11:44:24
hey bughead do you mind coming back,False,en,0,0,2021-02-26 11:33:06
"@BUGGIEDALE Oh no, no one other than Bughead can have those lights, absolutely not",False,en,0,0,2021-02-26 11:17:42
anyways here's bughead looking at each other after the time jump cause i'm in my feels rn https://t.co/A3GwGCMNgK,False,en,2,0,2021-02-26 11:12:24
I MISS BUGHEAD IN THE BLUE AND GOLD SM WTF,False,en,0,0,2021-02-26 11:09:56
"#barchie cannot be endgame nd d reason is not #varchie its #bughead...its just the superior ship...archie will always b a pendulum but jughead he was devoted to betty and vud never hurt her the best ending vud be bughead, V with smeone hu deserves her nd archie single #Riverdale",False,en,4,1,2021-02-26 11:09:49
@azalben You're so funny...but now I want my Bughead back,False,en,1,0,2021-02-26 11:00:59
"@lodgdrews I think Bughead too, it will last a little bit but actually I hope theyâ€™ll get back togetherğŸ™ƒ",False,en,0,0,2021-02-26 10:51:13
RT @lilicamifan: Iâ€™m sorry but b and a have NO chemistry #riverdale,False,en,0,113,2021-02-26 10:47:58
"@srsoto26 Do you think that bughead will eventually catch feelings for each other? I mean, I think barchie is okay and all but still suspicious that they,(especially Betty) are using each other as a rebound? Or maybe just to fill a void? Please give some hints. Also which ship is your otp?",False,en,2,0,2021-02-26 10:39:53
then donâ€™t speak on bughead? goes both ways bff https://t.co/ipycDZktQV,True,en,3,0,2021-02-26 10:39:43
"@barchiedestiny YES. I'm still struck between bughead and barchie, but barchie &gt;&gt;&gt; varchie â˜ğŸ»",False,en,1,0,2021-02-26 10:29:26
"im not sure whether i ship bughead, barchie, jug/tabitha, varchie...the only thing im 100% sure in rvd is that i stan toni topaz ğŸ˜Œâ˜ğŸ»",False,en,0,0,2021-02-26 10:26:51
@RiverdaleBRNews yeah itâ€™s good but i NEED Bughead AHHHH â˜¹ï¸ğŸ˜”,False,en,0,0,2021-02-26 10:20:02
@nymonologue Yes. I love Bughead but she needs to properly let out her emotions,False,en,0,0,2021-02-26 10:20:00
Still got 12 hours to vote for you're favourite couple! #TeamBughead #Bughead #BUGHEADENDGAME https://t.co/tTxVmgpPkX,True,en,5,0,2021-02-26 10:11:45
@fansplain I do not know. I think part of us is waiting for bughead and choni to come together,False,en,1,0,2021-02-26 10:07:24
@Barchielove6 yeah because i reminded myself that the real endgame is bughead ğŸ˜€,False,en,0,0,2021-02-26 10:04:08
"""Lili I'm coming for your man!""
This video never gets old..i miss them so muchğŸ˜­â¤ï¸
#Riverdale #bughead #Lilireinhart #colesprouse #sprousehart https://t.co/o7r10ev3Yj",False,en,4,0,2021-02-26 09:51:07
@slowburnsftw @xoBBrothaxo Bughead stans are becoming just as insecure about Bughead as Jughead was smh,False,en,2,0,2021-02-26 09:44:55
@RiverdaleWriter ok but #Bughead endgame â˜ºï¸,False,en,2,0,2021-02-26 09:32:13
"RT @jaceyskeene: bughead is bones

archie: https://t.co/03dhSJuOxo",False,en,0,4,2021-02-26 09:31:12
"@azalben @madeIainesz Alex , you roasting the hell of bughead",False,en,1,0,2021-02-26 09:31:00
@gwuncan_fan5 Bughead.,False,en,0,0,2021-02-26 09:20:12
@barchiediary literally same i can't stand them at least Bughead fuels on more than just physical activity and they had some similarities,False,en,1,0,2021-02-26 09:19:37
I hate Riverdale but I love Bughead so donâ€˜t mind me,False,en,0,0,2021-02-26 09:18:45
"@Lauraisback25 Lol I will do just that!! I loved Bughead, too! ğŸ˜‚",False,en,0,0,2021-02-26 09:06:37
@bettyandjugrd @luxluis13 @BrianEPaterson Like they did when bughead fucked for seasons. So chill.,False,en,4,0,2021-02-26 09:05:43
I miss my #BugHead . Bye. #Riverdale,False,en,2,1,2021-02-26 09:04:00
I miss watching a couple with an emotional connection #Riverdale https://t.co/AtHFh4JFcB,True,en,61,5,2021-02-26 08:56:43
Most underrated Bughead scene? #Riverdale https://t.co/9zjR31F1qB,False,en,365,34,2021-02-26 08:50:52
"RT @Aestheticlils: Bughead is one of my comfort ships, I love them so much. ğŸ¥ºğŸ’—",False,en,0,1,2021-02-26 08:42:36
RT @bugheadaIe: this scene hits even harder now. jughead really is her person. #riverdale https://t.co/kFiHF2Ekl5,False,en,0,86,2021-02-26 08:39:29
RT @BugheadUpdates: @RiverdaleWriter bughead exes to lovers https://t.co/HsW0BZ0Lu4,False,en,0,6,2021-02-26 08:39:17
"Iâ€™m missing the #bughead scenes, even just general interaction together... #Riverdale",False,en,144,7,2021-02-26 08:37:43
"RT @coopbettss: // we should normalize people shipping both barchie and bughead. like literally as long as betty is happy, that's all i carâ€¦",False,en,0,7,2021-02-26 08:24:36
"Bughead is one of my comfort ships, I love them so much. ğŸ¥ºğŸ’—",False,en,7,1,2021-02-26 08:22:28
@vickynews @nymonologue i love how ras was told there was no love triangle and he said â€œah yes i will have archie look at betty one more time and then tell veronica it was bc seeing bughead together made him realize that he wants to be with herâ€ literally what goes on.,False,en,5,0,2021-02-26 08:10:17
"@bugverchoni @nymonologue ok but if condomchie is varchie (?) and bugcest is bughead, who's sexchie? unless... longcon?",False,en,4,0,2021-02-26 08:03:36
@nabrinas ğŸ‘ğŸ‘ğŸ‘ youre giving bughead donâ€™t know how to analyze th,False,en,0,0,2021-02-26 07:44:31
@jaceyskeene LIKE FIGHTING WITH A YODA BOT OVER BUGHEAD AND BARCHIE????,False,en,2,0,2021-02-26 07:31:25
So I can slowly see that barchie is going to burn out and bughead is going to come back BUT WTF IS HAPPENING #Riverdale,False,en,0,0,2021-02-26 07:27:02
"RT @RiverdalexFanp1: @lilireinhart I closed my eyes when this scene was, sorry but i only ship Bughead and Varchie",False,en,0,2,2021-02-26 07:26:42
RT @sthwithstyles: @lilireinhart I was hoping for some #Bughead material ğŸ™ˆ,False,en,0,1,2021-02-26 07:24:36
@Bughead_Support even in the shit place they are now he would drop everything to help her and we all know it,False,en,2,0,2021-02-26 07:20:17
RT @AngelCr66417098: Can't wait to see jug and Betty again I hope bughead comes back https://t.co/Ae4HHNEd9c,False,en,0,1,2021-02-26 07:19:30
RT @Marvel_Tiphanie: @lilireinhart NO ONE WANTS BARCHIE. BUGHEAD AND VARCHIE OR NOTHING OKAY? OKAY! ğŸ™…,False,en,0,1,2021-02-26 07:18:22
RT @smugheadjones: @CW_Riverdale whereâ€™s bughead ğŸ™„ https://t.co/ZfaDHtQ4t0,False,en,0,4,2021-02-26 07:08:01
RT @buvghead: @lilireinhart but bughead is hotterğŸ˜ https://t.co/SHsWq9GhNk,False,en,0,29,2021-02-26 07:06:53
@awmeliabesson_ Bughead harus jd endgameğŸ˜­ğŸ˜­,False,en,0,0,2021-02-26 07:06:12
"@live_free95 @CW_Riverdale Yeh but if they got together waaay before, it wouldnt b so weird. The show gave us bughead&amp;Varchie. &amp;now it feels like theyâ€™re cheapening it. &amp;betty drifted away from Arch after she got with Jug so the bffs to lovers thing doesnt fit. Theyâ€™re a turn off. But thats my opinion",False,en,0,0,2021-02-26 07:01:42
@dscxo do u ship bughead or barchie,False,en,1,0,2021-02-26 07:00:21
horrible people attracted by this horrible horrible ship. unsurprising. mass quote me please u probably are friends with or are a racist homophobic bughead from the 2018-2019 era who said choni doesnâ€™t deserve screentime anyway https://t.co/JzpQx1LsF5,False,en,27,0,2021-02-26 06:57:24
"RT @Elisa7665746844: @lilireinhart I respect every opinion about #barchie,but for me the very true love only is #bughead. They fall in loveâ€¦",False,en,0,3,2021-02-26 06:56:39
RT @SkylaParks1: @lilireinhart Itâ€™s has to be BUGHEAD,False,en,0,4,2021-02-26 06:51:58
@jaceyskeene @slowburnsftw did you fight every bughead on this app since 2017? i donâ€™t think so now move!,False,en,1,0,2021-02-26 06:41:16
"@lilicamifan um they do have chemistry,, i know yall r mad that bughead is no longer but that doesnâ€™t me that betty can have a relationship with over people. have u seen they way the look at each other https://t.co/4CV59e8NtJ",False,en,0,0,2021-02-26 06:37:59
@awmeliabesson_ Yess as a bughead team,False,en,0,0,2021-02-26 06:34:48
@BrianEPaterson bughead exes to lovers will be your serve https://t.co/A08Hp0LT7h,False,en,40,2,2021-02-26 06:32:27
RT @BugheadCloud: @WarnerChannelLA BUGHEAD ALL THE WAY. BUGHEAD ENDGAME. BUGHEAD FOREVER. BUGHEAD ALWAYS TOGETHER. GO BUGHEAD NATION!,False,en,0,4,2021-02-26 06:20:38
"@BrianEPaterson we love them all, but there's nothing like bughead, and we miss them so much",False,en,5,0,2021-02-26 06:20:30
"Bughead and Varchie weren't really fan service bc they weren't all about sex, they actually had great interactions and worked with the storyline. BA is FWB, which is just sex. Fan service is usually very sexual. They do nothing to help the storyline progress, they just have sex.",False,en,2,0,2021-02-26 06:16:58
@BrianEPaterson hell yesssss y'all are killing it with the #VARCHIE  slow burn  the crumbs are delicious  can't wait to see what u have planned with #bughead and #choni https://t.co/VBX3ecIdIY,False,en,5,0,2021-02-26 06:12:09
@jensIindIeys oh okay i get it so varchie is supposed to be ryissa and ig bughead is sethmer then??,False,en,0,0,2021-02-26 06:10:19
"reminder that betty is just in love with the idea of archie, now anyways bughead endgameğŸ™Œ https://t.co/0dVE5cj28o",False,en,5,0,2021-02-26 06:06:12
@BrianEPaterson y'all  giving toni and Tabitha the spot light  letting kangs speak more then once per epsiode and giving us   bughead varchie and choni crumbs every episode and setting up some amazing slow burns  for each couple   of course episode was amazing,False,en,5,0,2021-02-26 06:05:07
"@BrianEPaterson Yes a great show, can't wait for the bughead reunion",False,en,10,0,2021-02-26 06:04:01
@sethsumers BUGHEAD IS SETHMER AND VARCHIE RYISSA?/?/???/?/,False,en,0,0,2021-02-26 05:56:47
@BrianEPaterson missed bughead this week but am loving all the varchie crumbs &lt;33  https://t.co/PgWNtm4JOz,False,en,46,2,2021-02-26 05:55:11
"Even in the COMIC Archie MARRIES Veronica. #Barchie #BUGHEAD #BarchieIsOver
#TimeToFaceTheTruth https://t.co/Xzb08xHQkv",False,en,2,0,2021-02-26 05:52:44
@RiverdaleWriter Sorry but #bughead,False,en,0,0,2021-02-26 05:52:12
@Lauraisback25 @a_wculver Go cry about it. Bughead is bones.,False,en,8,0,2021-02-26 05:51:05
the person said varchie endgame and was talking on betty deserving better never once mentioned bughead you did tho LMAOO obsessed with bughead because same https://t.co/4m5yci7b3l,True,en,1,0,2021-02-26 05:49:18
"@Stephaniess8241 @JASIESILKY Lol never said that, but believe whatever thing you want. You were the one who said the series would flop without Bughead and itâ€™s doing even better",False,en,0,0,2021-02-26 05:47:16
"I didnâ€™t say Bughead once in this tweet, so what are you talking about?? https://t.co/mwBNpj8hSU",True,en,0,0,2021-02-26 05:47:05
@pscwyers VARCHIE IS RYISSA AND BUGHEAD IS SETHMER,False,en,0,0,2021-02-26 05:46:56
So while Iâ€™m convinced still Bughead is endgame I can maybe see them actually getting the Stelena treatment. Epic hs love. Maybe even soulmates. But not in love love as adults. Thoughts @mdawn37?,False,en,0,0,2021-02-26 05:31:36
"Ok.
@lilireinhart 
But what about bughead??ğŸ˜‘
#Riverdale #bughead https://t.co/EbtQN6YSty",False,en,0,0,2021-02-26 05:29:00
like i donâ€™t understand how barchie already outdid all the 1200 bughead sex scenes with the ONE shower scene alone someone pls explain this insanity,False,en,3,0,2021-02-26 05:28:59
@fcrsythe if they paid attention theyâ€™d be worried bughead hasnâ€™t really interacted yet.,False,en,23,1,2021-02-26 05:24:19
"RT @REINH4RTBT: es imposible que bughead no sea endgame si jughead y betty se dijeron ""i still love you, i'll always love you"" ""i'll alwaysâ€¦",False,en,0,9,2021-02-26 05:23:20
@bugheadaIe they just donâ€™t believe the bughead exes to lovers agenda and are ignoring what the writers are setting up but itâ€™s fine,False,en,33,0,2021-02-26 05:19:52
"RT @BUGGIEDALE: ONE MOMENT....
BA WAS HAVING SEX IN THE CAR WHILE SCHOOL WAS ON FIRE....
REMEMBER BUGHEAD IN 3X16.....
WRITERS ARE SICK.
THâ€¦",False,en,0,19,2021-02-26 05:19:01
@barchanted @crimsonclover90 I'm not saying they didn't help each other. Just that Varchie and Bughead were consistently there and supportive of each other.,False,en,1,0,2021-02-26 05:16:03
"Did anyone get to watch the clubhouse chat with the Riverdale writers? If so, did they mention anything about Bughead?",False,en,0,0,2021-02-26 05:16:01
RT @RiverdaleWriter: Who else needs to hear this voicemail stat? #Bughead #Riverdale https://t.co/XIYZBPu1q9,False,en,0,246,2021-02-26 05:13:18
"yo ğŸ¤ no shippear Barchie ni Bughead.
#Riverdale",False,en,0,0,2021-02-26 05:07:38
"@fbiponytail / no! this was completely not targeted to you, i promise. I just recently got hate on different apps for not choosing barchie or bughead. we should definitely be friends :)",False,en,1,0,2021-02-26 05:05:17
"@coopbettss / no it doesn't, don't worry! i just feel like this was toward me and how i openly hate on bughead on the tl...",False,en,0,0,2021-02-26 05:01:48
"@FANCYTWICE9 LmaoğŸ˜­, you need to continue....(spolier- choni, bughead brokeup)",False,en,0,0,2021-02-26 05:00:22
@dlwlsana I watched 3 seasons to see the lesbian shit and all I got was bughead and shitty plot ğŸ’€,False,en,0,0,2021-02-26 04:57:39
@BrianEPaterson I swear if it wasn't for that doritos shout  out  tabitha toni cherly VERONICA jughead kangs this mothman demon alien  thing    and the obvious varchie and bughead crumbs  I would stop watching   but damn y'all know how to keep vas and bhs coming back for more torture,False,en,0,0,2021-02-26 04:56:13
@NancyRiverDrew I've had this argument with you before. Bughead bores the life out of me. I don't care that you think they have to be the detectives simply bc it's a mystery show. I'd rather see others be involved.,False,en,2,0,2021-02-26 04:54:36
"@barchanted Bughead are the detectives. It's a mystery show. Solving drives them. Less so the case with the others, though it is fun when they contribute.",False,en,0,0,2021-02-26 04:53:24
RT @enbytabitha: I MISSED THAT SMILEğŸ¥º https://t.co/VaXLdOVtSX,False,en,0,17,2021-02-26 04:50:24
RT @enbytabitha: Tabitha tate i want to personally thank you for making my son smileğŸ™ğŸ¼ https://t.co/2owDtvGfvW,False,en,0,22,2021-02-26 04:50:01
"RT @bugheadIines: hey, look at me. i know you. youâ€™re a good person, betty. you might have some darkness just like me, but youâ€™re not evil.â€¦",False,en,0,23,2021-02-26 04:49:37
"RT @BUGGIEDALE: god, i've missed you.... https://t.co/5eKaPzA0bA",False,en,0,30,2021-02-26 04:48:51
RT @bugverchoni: fun is over give them back @WriterRAS https://t.co/0gqnU3Ntnz,False,en,0,23,2021-02-26 04:47:18
"I love Jughead, and I love Bughead, but if this is a J+B tattoo, Iâ€™m gonna be concerned. They would have been broken up, by the time this tattoo was done. It would seem really obsessive. I doubt itâ€™s that kind of tattoo, but Iâ€™ve seen theories on the TL about it. https://t.co/gVJ2k454bu",False,en,3,0,2021-02-26 04:45:30
when we finally get slowburn varchie and bughead &gt;&gt;&gt;,False,en,0,0,2021-02-26 04:44:38
"Give us Bughead endgame, wag Barchie please!!!! ğŸ˜­",False,en,1,0,2021-02-26 04:44:09
"Again, can slowburnsftw go outside and stop targeting bugheads?? Your ship is finally getting content, go pay attention to that rather than BHs. Youâ€™re so obsessed, Iâ€™m honestly convinced you are a Bughead fan yourself. Please, go outside for once in your life. Get off ur phone.",False,en,3,0,2021-02-26 04:35:02
RT @itsreinhartt: I'm the only one that can't ship romanticly Jughead and Thabita I only see them as besties and I'm loving their friendship,False,en,0,25,2021-02-26 04:34:32
RT @fcrsythe: THE WHOLE WORLD KNOWS HOW JUGHEAD FELT ABOUT BETTY? AND HOW IN LOVE HE WAS? THIS IS TWISTED.,False,en,0,19,2021-02-26 04:33:51
RT @enigmabuqhead: Who's gonna tell her their gonna be bones?,True,en,0,20,2021-02-26 04:33:43
like bughead and varchie stans hes like so obsessed so if hre writes yall just ignore it https://t.co/egs6Dw5CRV,True,en,1,0,2021-02-26 04:32:30
yall this person has got to be a bughead and varchie account ! because he deadass comes to my account 24/7 like watching my shit like so obsessed ( its blurry IK ) https://t.co/6ift0RynSn,False,en,10,0,2021-02-26 04:29:10
it's so surreal to search rd stuff on twitter bc it's all barchie this and bughead that. did they miss the part where mothman is here now and also an alien,False,en,0,0,2021-02-26 04:20:40
"RT @Aestheticlils: I do my best to be kind and nice as much as I can, but when people defend ab*se, toxicity, or make extremely wrong postsâ€¦",False,en,0,1,2021-02-26 04:18:04
GOOD now admite you are a bughead and varchie shipper https://t.co/kmjUZDxg4q,True,en,2,0,2021-02-26 04:16:55
you are so delusional if you really think barchie will be anything more than just sex barchie is just sex and that's what they will remain bughead and varchie will be endgame for riverdale https://t.co/vnyZih43V3,True,en,3,0,2021-02-26 04:14:54
"the way i have every reason to be uncomfortable with bughead, it's not natural to be in a romantic relationship with someone you share family with.",False,en,17,4,2021-02-26 04:14:34
"I do my best to be kind and nice as much as I can, but when people defend ab*se, toxicity, or make extremely wrong posts, Iâ€™m gonna call it out. 

There will be no Varchie, Bughead, Veronica, or Jughead slander in my TL, or my mentions. You will be called out.",False,en,3,1,2021-02-26 04:13:59
/ it's totally cool if people ship bughead &amp; barchie i just don't and that's my right. I didn't mean to start anything by expressing my discomfort. . .,False,en,1,0,2021-02-26 04:09:12
Too much bughead https://t.co/Mw9BC6Q4vd,False,en,4,0,2021-02-26 04:06:35
"@coopbettss / this is true but we should also normalize that bughead makes some people (me, included) extremely uncomfortable.",False,en,0,0,2021-02-26 04:05:43
"RT @irespectfarmer: @Dream11 full report 
Photo 1: process 
Photo 2 : clone apps with app cloner
Photo 3 : blank number 
Photo 4 : app clonâ€¦",False,en,0,2,2021-02-26 04:04:53
"// we should normalize people shipping both barchie and bughead. like literally as long as betty is happy, that's all i care about. this applies to all ships. plus, it's just a tv show. yes you may hate the ship or a person from that ship, but we all have different opinions.",False,en,16,7,2021-02-26 03:54:47
"â € â €â €
â € â €â €
            /  just  a  reminder  that  ,  I  DON'T  SHIP  BARCHIE  .  nor  bughead  either  really  .  sorry  guys  .  .  .
â € â €â €
â € â €â €",False,en,4,2,2021-02-26 03:49:37
@elenasdecker ohhh okay i shipped bughead when i first watched tbh but then when i picked back up a few months ago i started liking barchie,False,en,1,0,2021-02-26 03:48:09
@julietsrory i havenâ€™t watched in so long but i shipped bughead. i stopped after like 4x02 tho,False,en,1,0,2021-02-26 03:47:11
stalking once again just admite you a bughead and varchie stan please and GOO https://t.co/UYDw2l1ctv,True,en,0,0,2021-02-26 03:46:01
RT @barchieskeene: bhs are clearly just mad because betty is investigating with alice and kevin instead of jughead so now their whole fantaâ€¦,False,en,0,10,2021-02-26 03:45:04
"@haniya_hb @CW_Riverdale Agreed. I stopped just after the prom episode because I knew it was only going downhill from there. Suspension of disbelief has never been the easiest with some of Riverdale's plots, but the heart of the show was Bughead. They didn't just break up, Moral Betty cheated. #Disgusted",False,en,1,0,2021-02-26 03:44:55
barchie is just sex that is all they are not gonna be nothing more than that so let's just sit back enjoy varchie and bughead endgame that's coming soon https://t.co/koPgcadUkf,False,en,5,0,2021-02-26 03:44:02
"As a person who does in fact ship Bughead, I must admit these Barchie scenes are hotter than the OG couples... and that Tabitha is lovely so far. So I guess Iâ€™m saying Iâ€™m not loyal. #Riverdale",False,en,123,12,2021-02-26 03:41:57
"@ThatsRiverdale @emmasben Itâ€™s because Bughead had better chemistry, but I love Barchie as well!",False,en,0,0,2021-02-26 03:38:56
"@CW_Riverdale Stopped watching because the writing was never that good anyway, it was the heart of the show that kept me tuning in. Until that was cut up and fed through a wood chipper. #Bughead #Morality #BettyIsNotACheater",False,en,2,0,2021-02-26 03:38:15
@leoluxpotter IF BUGHEAD ISNT ENDGAME IM GOING TO D WORD,False,en,0,0,2021-02-26 03:38:10
@stydisonvibes Bughead â™¥ï¸,False,en,1,0,2021-02-26 03:36:37
RT @chonicarrington: varchie punching reggie is very pleasing to me https://t.co/8eDGKFXHqU,False,en,0,35,2021-02-26 03:35:57
RT @sprcole: what if betty asks jughead about all his tattoos after the first time they sleep together and the he explains all the meaningsâ€¦,False,en,0,14,2021-02-26 03:35:48
RT @archiesrcnnie: fake archie ships varchie?! so true https://t.co/o2mfoLMUmR,False,en,0,23,2021-02-26 03:35:10
"BARCHIE IS THE BEST, BUGHEAD ğŸ¤¢ â€” HELPğŸ™‚ https://t.co/n6g9I3M4jY",False,en,5,0,2021-02-26 03:33:48
RT @bugheadspov: @BamSmackPow how are we gonna survive without bughead for 3 months ğŸ˜­,False,en,0,1,2021-02-26 03:33:23
RT @stydisonvibes: one eye sees betty and the other sees veronica https://t.co/u78FqegKV0,False,en,0,8,2021-02-26 03:32:13
RT @colesqrous: i need a scene where betty takes off jugheadâ€™s glasses https://t.co/TJ3NuLFK42,False,en,0,49,2021-02-26 03:31:21
RT @oryoucouldstay: HE FUCKING BOOPED HER NOSE?? HES SUPPOSED TO BE THIS ANGSTY GANG LEADER AND HE BOOPED HER NOSE ??? https://t.co/Fj4rbl6â€¦,False,en,0,32,2021-02-26 03:31:01
"RT @lovesicksprouse: *annoying high-schoolers exist*
jughead jones: https://t.co/sW8g05rpLa",False,en,0,48,2021-02-26 03:30:53
RT @bugheadfilms: he is so done with these kids lmfaoğŸ˜­ https://t.co/dSsfuOrFvy,False,en,0,12,2021-02-26 03:30:36
these episodes just made me forget bughead is a thing ğŸ˜Ÿ,False,en,8,0,2021-02-26 03:27:04
@chlosbughugs we better get that parallel after the bughead fight,False,en,1,0,2021-02-26 03:27:04
@WriterRAS you have 48 hours to return bughead &amp; varchie home safely or iâ€™m burning all your bow ties. do not negotiate with us https://t.co/nbL20l7XLS,True,en,4,0,2021-02-26 03:25:14
@bettyarchics and no more bugbarvarchie nonsense. i am not a bughead! just a barchie and a varchie! and obv a choni but that was obvious,False,en,3,0,2021-02-26 03:25:00
"RT @deIenasx: so jughead's class is talking about the book called ""mice and men"", which fits in with roberto's ""three mice"" caption and mouâ€¦",False,en,0,1,2021-02-26 03:24:22
@Lilirhbrasil Bughead,False,en,0,0,2021-02-26 03:20:45
