tweets,quote_status,language,favorite_count,retweet_count,time,id,processed_text,cleaned_tweets
RT @TVLine: Was #Riverdale Snack Out of Character? Did #WandaVision Leave Loophole? Was #SVU's Stabler in Touch With Fin? What Were #Superm‚Ä¶,False,en,0,9,2021-02-27 15:03:41,1365678999230382082,"['riverdale', 'snack', 'character', 'wandavision', 'leave', 'loophole', 'svu', 'stabler', 'touch', 'fin', 'superm']",riverdale snack character wandavision leave loophole svu stabler touch fin superm
RT @nocontextrvd: Doritos sales after this üìà #Riverdale,True,en,0,18,2021-02-27 09:04:04,1365588501614493698,"['doritos', 'sales', 'riverdale']",doritos sales riverdale
RT @GhostBoyXXX999: I can't believe this is Canon in the #Riverdale universe üòÇ #Doritos https://t.co/ymZ0ObYs3O,False,en,0,1,2021-02-27 03:29:53,1365504398940463114,"['believe', 'canon', 'riverdale', 'universe', 'doritos']",believe canon riverdale universe doritos
"Doritos CMO: Tweettok this, instafsce that, but how do we really get our brand to appeal to the #youth?

Creative Director: Let‚Äôs have Hiram Lodge eat them in Riverdale. https://t.co/AXZRaDbchI",False,en,1,0,2021-02-27 02:38:59,1365491591041986561,"['doritos', 'cmo', 'tweettok', 'instafsce', 'really', 'get', 'brand', 'appeal', 'youth', 'creative', 'director', 'let', 'hiram', 'lodge', 'eat', 'riverdale']",doritos cmo tweettok instafsce really get brand appeal youth creative director let hiram lodge eat riverdale
RT @ArchieComics: @TVObsesssed Hiram found out that Archie loves Doritos so he bought up every bag in Riverdale and ate them just to spite‚Ä¶,False,en,0,3,2021-02-27 02:30:10,1365489371483430920,"['hiram', 'found', 'archie', 'loves', 'doritos', 'bought', 'every', 'bag', 'riverdale', 'ate', 'spite']",hiram found archie loves doritos bought every bag riverdale ate spite
I can't believe this is Canon in the #Riverdale universe üòÇ #Doritos https://t.co/ymZ0ObYs3O,False,en,1,1,2021-02-27 02:29:42,1365489256509173760,"['believe', 'canon', 'riverdale', 'universe', 'doritos']",believe canon riverdale universe doritos
"RT @renatasnacks: I just wanna say that I think it's fucked up that Doritos exist in Riverdale, seems like they should be eatin Toditos Che‚Ä¶",False,en,0,2,2021-02-27 00:33:18,1365459962516930561,"['wanna', 'say', 'think', 'fucked', 'doritos', 'exist', 'riverdale', 'seems', 'like', 'eatin', 'toditos', 'che']",wanna say think fucked doritos exist riverdale seems like eatin toditos che
RT @hamandjams: Hiram Lodge for @Doritos  #Riverdale https://t.co/pjiKVTGdfV,False,en,0,2,2021-02-26 23:34:21,1365445128244973569,"['hiram', 'lodge', 'riverdale']",hiram lodge riverdale
I also want to point out from an earlier scene that Doritos must be a sponsor this season #Riverdale,False,en,0,0,2021-02-26 22:48:34,1365433605829328897,"['also', 'want', 'point', 'earlier', 'scene', 'doritos', 'must', 'sponsor', 'season', 'riverdale']",also want point earlier scene doritos must sponsor season riverdale
me when my dad buys chilli heatwave doritos : haha nice riverdale reference dad,False,en,2,0,2021-02-26 22:42:37,1365432108324450304,"['dad', 'buys', 'chilli', 'heatwave', 'doritos', 'haha', 'nice', 'riverdale', 'reference', 'dad']",dad buys chilli heatwave doritos haha nice riverdale reference dad
@cherylbloss0m i cant lie it worked i don‚Äôt even like chilli heatwave doritos but i will be eating them as a riverdale reference,False,en,0,0,2021-02-26 22:41:57,1365431937389756417,"['cant', 'lie', 'worked', 'even', 'like', 'chilli', 'heatwave', 'doritos', 'eating', 'riverdale', 'reference']",cant lie worked even like chilli heatwave doritos eating riverdale reference
Riverdale is so stupid why is Hiram Lodge eating Doritos,False,en,0,0,2021-02-26 22:22:06,1365426945970864132,"['riverdale', 'stupid', 'hiram', 'lodge', 'eating', 'doritos']",riverdale stupid hiram lodge eating doritos
"im sorry all media has to stop youll never be hiram and reggie evilly eating doritos together in riverdale season 5 episode 6: chapter eighty-two: ""back to school""",False,en,7,0,2021-02-26 22:11:54,1365424378423476224,"['im', 'sorry', 'media', 'stop', 'youll', 'never', 'hiram', 'reggie', 'evilly', 'eating', 'doritos', 'together', 'riverdale', 'season', '5', 'episode', '6', 'chapter', 'eighty', 'two', 'back', 'school']",im sorry media stop youll never hiram reggie evilly eating doritos together riverdale season 5 episode 6 chapter eighty two back school
Ok really starting to enjoy Riverdale again. Even with this goofy ass product placement of an evil crime boss enjoying his Doritos üò§ https://t.co/s2KXaVHLtQ,False,en,3,0,2021-02-26 21:55:21,1365420212829507591,"['ok', 'really', 'starting', 'enjoy', 'riverdale', 'even', 'goofy', 'ass', 'product', 'placement', 'evil', 'crime', 'boss', 'enjoying', 'doritos']",ok really starting enjoy riverdale even goofy ass product placement evil crime boss enjoying doritos
Did I just see Hiram Lodge eating Doritos? #Riverdale,False,en,0,0,2021-02-26 21:54:32,1365420005966364676,"['see', 'hiram', 'lodge', 'eating', 'doritos', 'riverdale']",see hiram lodge eating doritos riverdale
Did Riverdale Choose Odd Snack? Did WandaVision Leave Loophole? Is SVU's Fin in Touch With Stabler? And More Qs https://t.co/UACmN6OPYf https://t.co/kNACHWKjri,False,en,0,0,2021-02-26 17:39:17,1365355771396038658,"['riverdale', 'choose', 'odd', 'snack', 'wandavision', 'leave', 'loophole', 'svu', 'fin', 'touch', 'stabler', 'qs']",riverdale choose odd snack wandavision leave loophole svu fin touch stabler qs
@TVObsesssed Hiram found out that Archie loves Doritos so he bought up every bag in Riverdale and ate them just to spite his mid-20s nemesis.,False,en,5,3,2021-02-26 17:34:43,1365354621154295808,"['hiram', 'found', 'archie', 'loves', 'doritos', 'bought', 'every', 'bag', 'riverdale', 'ate', 'spite', 'mid', '20s', 'nemesis']",hiram found archie loves doritos bought every bag riverdale ate spite mid 20s nemesis
@ArchieComics Can anyone advise why actual Doritos were used and not given a fake Riverdale style name? https://t.co/eYcqTdQlee,True,en,1,0,2021-02-26 17:32:45,1365354128420073477,"['anyone', 'advise', 'actual', 'doritos', 'used', 'given', 'fake', 'riverdale', 'style', 'name']",anyone advise actual doritos used given fake riverdale style name
Dude I'm actually so bothered by the Doritos it's not even funny. Why the hell wouldn't they bless it w a fake Riverdale name like LITERALLY EVERY OTHER COMPANY THEY MENTION https://t.co/eYcqTdQlee,True,en,1,0,2021-02-26 17:32:11,1365353982978367490,"['dude', 'actually', 'bothered', 'doritos', 'even', 'funny', 'hell', 'bless', 'w', 'fake', 'riverdale', 'name', 'like', 'literally', 'every', 'company', 'mention']",dude actually bothered doritos even funny hell bless w fake riverdale name like literally every company mention
Was #Riverdale Snack Out of Character? Did #WandaVision Leave Loophole? Was #SVU's Stabler in Touch With Fin? What Were #SupermanAndLois' Kids Thinking? And Many More TV Qs! https://t.co/7WFQtYp58v,False,en,24,9,2021-02-26 17:29:37,1365353337202348035,"['riverdale', 'snack', 'character', 'wandavision', 'leave', 'loophole', 'svu', 'stabler', 'touch', 'fin', 'supermanandlois', 'kids', 'thinking', 'many', 'tv', 'qs']",riverdale snack character wandavision leave loophole svu stabler touch fin supermanandlois kids thinking many tv qs
"@r9nhyun ( renjun tahan na hug na kita )

he chuckles before retracting his hand, opening the stash which revealed various amounts of snacks, ‚Äúhmm... Jeno took the pringles,,, so we have Doritos and Popcorn and Candy ! And drinks‚Äù he grins, ‚Äúwhich one do you want?‚Äù",False,en,0,0,2021-02-26 15:19:35,1365320614483959808,"['renjun', 'tahan', 'na', 'hug', 'na', 'kita', 'chuckles', 'retracting', 'hand', 'opening', 'stash', 'revealed', 'various', 'amounts', 'snacks', 'hmm', 'jeno', 'took', 'pringles', 'doritos', 'popcorn', 'candy', 'drinks', 'grins', 'one', 'want']",renjun tahan na hug na kita chuckles retracting hand opening stash revealed various amounts snacks hmm jeno took pringles doritos popcorn candy drinks grins one want
The scene in #Riverdale where #HiramLodge is suddenly clutching and eating @Doritos made me choke with laughter. Way to embrace product placement.,False,en,0,0,2021-02-26 15:18:05,1365320236522737672,"['scene', 'riverdale', 'hiramlodge', 'suddenly', 'clutching', 'eating', 'made', 'choke', 'laughter', 'way', 'embrace', 'product', 'placement']",scene riverdale hiramlodge suddenly clutching eating made choke laughter way embrace product placement
"Also it makes no sense for Hiram Lodge to be eating the Doritos. Jughead should eat the Doritos in his survival bunker by lamplight. wait UNLESS....Doritos DON'T exist in Riverdale and they ONLY exist in Sodale, the property development Hiram is building to destroy Riverdale! https://t.co/v4VAVvGpus",False,en,3,0,2021-02-26 15:00:55,1365315916700016645,"['also', 'makes', 'sense', 'hiram', 'lodge', 'eating', 'doritos', 'jughead', 'eat', 'doritos', 'survival', 'bunker', 'lamplight', 'wait', 'unless', 'doritos', 'exist', 'riverdale', 'exist', 'sodale', 'property', 'development', 'hiram', 'building', 'destroy', 'riverdale']",also makes sense hiram lodge eating doritos jughead eat doritos survival bunker lamplight wait unless doritos exist riverdale exist sodale property development hiram building destroy riverdale
"I just wanna say that I think it's fucked up that Doritos exist in Riverdale, seems like they should be eatin Toditos Cheese Triangles that they bought with their American Excess cards at the vending machine outside of 23 Hour Fitness https://t.co/tUKhhTeTDg",False,en,29,2,2021-02-26 14:58:28,1365315301735284739,"['wanna', 'say', 'think', 'fucked', 'doritos', 'exist', 'riverdale', 'seems', 'like', 'eatin', 'toditos', 'cheese', 'triangles', 'bought', 'american', 'excess', 'cards', 'vending', 'machine', 'outside', '23', 'hour', 'fitness']",wanna say think fucked doritos exist riverdale seems like eatin toditos cheese triangles bought american excess cards vending machine outside 23 hour fitness
somehow that product placement with hiriam lodge eating doritos is one of the weirdest thing to happen in riverdale,False,en,0,0,2021-02-26 14:36:24,1365309748392980484,"['somehow', 'product', 'placement', 'hiriam', 'lodge', 'eating', 'doritos', 'one', 'weirdest', 'thing', 'happen', 'riverdale']",somehow product placement hiriam lodge eating doritos one weirdest thing happen riverdale
RT @BrianEPaterson: Watching #Riverdale 5x06. Why do I suddenly have the urge to house a bag of nacho cheese Doritos? https://t.co/OZG3WBQf‚Ä¶,False,en,0,8,2021-02-26 14:04:54,1365301817916194828,"['watching', 'riverdale', '5x06', 'suddenly', 'urge', 'house', 'bag', 'nacho', 'cheese', 'doritos']",watching riverdale 5x06 suddenly urge house bag nacho cheese doritos
"here's what happened in episode 6 of riverdale :
there is a doritos ad in the middle of the show
betty and archie are doing ""the titanic""
last but not least, jughead thinks that maybe there is an alien in riverdale, like real alien with spaceship",False,en,0,0,2021-02-26 10:08:17,1365242274519543808,"['happened', 'episode', '6', 'riverdale', 'doritos', 'ad', 'middle', 'show', 'betty', 'archie', 'titanic', 'last', 'least', 'jughead', 'thinks', 'maybe', 'alien', 'riverdale', 'like', 'real', 'alien', 'spaceship']",happened episode 6 riverdale doritos ad middle show betty archie titanic last least jughead thinks maybe alien riverdale like real alien spaceship
RT @Catherin3Kovach: Today I learned that Hiram Lodge eats Doritos. #Riverdale,False,en,0,2,2021-02-26 09:50:57,1365237908857364481,"['today', 'learned', 'hiram', 'lodge', 'eats', 'doritos', 'riverdale']",today learned hiram lodge eats doritos riverdale
"#Riverdale has teachers struggling (ish), drugs, Doritos, karaoke, a crazy Winchester woman building a house to keep demons at bay, and a military inspired football plot line. I mean.....",False,en,0,0,2021-02-26 09:23:49,1365231081885077506,"['riverdale', 'teachers', 'struggling', 'ish', 'drugs', 'doritos', 'karaoke', 'crazy', 'winchester', 'woman', 'building', 'house', 'keep', 'demons', 'bay', 'military', 'inspired', 'football', 'plot', 'line', 'mean']",riverdale teachers struggling ish drugs doritos karaoke crazy winchester woman building house keep demons bay military inspired football plot line mean
riverdale product placement is always weird because like EVERYTHING has some made up name but then there‚Äôs just bumble the app and doritos. like they even made a fake craigslist even though like craigslist is not buying product placement https://t.co/Q0McI13mEF,True,en,4,0,2021-02-26 06:41:14,1365190166747340806,"['riverdale', 'product', 'placement', 'always', 'weird', 'like', 'everything', 'made', 'name', 'bumble', 'app', 'doritos', 'like', 'even', 'made', 'fake', 'craigslist', 'even', 'though', 'like', 'craigslist', 'buying', 'product', 'placement']",riverdale product placement always weird like everything made name bumble app doritos like even made fake craigslist even though like craigslist buying product placement
"what is this doritos product placement?  are they about to be the old navy rockstar jeans of this season?!! 

#Riverdale",False,en,2,0,2021-02-26 06:32:00,1365187842318741505,"['doritos', 'product', 'placement', 'old', 'navy', 'rockstar', 'jeans', 'season', 'riverdale']",doritos product placement old navy rockstar jeans season riverdale
i‚Äôm tryna watch riverdale for the sake of nostalgia but they just had a  character do a doritos ad mid episode so maybe not,False,en,1,0,2021-02-26 06:08:22,1365181894296547328,"['tryna', 'watch', 'riverdale', 'sake', 'nostalgia', 'character', 'doritos', 'ad', 'mid', 'episode', 'maybe']",tryna watch riverdale sake nostalgia character doritos ad mid episode maybe
"""a highschool offers hope"" 
- Riverdale Doritos Commercial",False,en,3,0,2021-02-26 05:51:41,1365177697501085696,"['highschool', 'offers', 'hope', 'riverdale', 'doritos', 'commercial']",highschool offers hope riverdale doritos commercial
RT @iWatchiAm: Riverdale brought to you by Doritos. Truly inspired. https://t.co/lFOTUMY7mn,False,en,0,17,2021-02-26 04:57:21,1365164025588318209,"['riverdale', 'brought', 'doritos', 'truly', 'inspired']",riverdale brought doritos truly inspired
Watching #Riverdale 5x06. Why do I suddenly have the urge to house a bag of nacho cheese Doritos? https://t.co/OZG3WBQfQm,False,en,103,8,2021-02-26 04:40:30,1365159785566412802,"['watching', 'riverdale', '5x06', 'suddenly', 'urge', 'house', 'bag', 'nacho', 'cheese', 'doritos']",watching riverdale 5x06 suddenly urge house bag nacho cheese doritos
"RT @bettyfelon: After a seven-year time jump on Riverdale, FBI agent Betty Cooper is working on the Trash Bag Killer case (aka the TBK), st‚Ä¶",False,en,0,2,2021-02-26 02:06:26,1365121012514385925,"['seven', 'year', 'time', 'jump', 'riverdale', 'fbi', 'agent', 'betty', 'cooper', 'working', 'trash', 'bag', 'killer', 'case', 'aka', 'tbk', 'st']",seven year time jump riverdale fbi agent betty cooper working trash bag killer case aka tbk st
"After a seven-year time jump on Riverdale, FBI agent Betty Cooper is working on the Trash Bag Killer case (aka the TBK), struggling novelist Jughead is looking for the Mothman, and mayor Hiram Lodge is running the entire town into the ground while enjoying some Doritos. https://t.co/Mo7X1q6Fel",False,en,27,2,2021-02-26 01:56:54,1365118613288534019,"['seven', 'year', 'time', 'jump', 'riverdale', 'fbi', 'agent', 'betty', 'cooper', 'working', 'trash', 'bag', 'killer', 'case', 'aka', 'tbk', 'struggling', 'novelist', 'jughead', 'looking', 'mothman', 'mayor', 'hiram', 'lodge', 'running', 'entire', 'town', 'ground', 'enjoying', 'doritos']",seven year time jump riverdale fbi agent betty cooper working trash bag killer case aka tbk struggling novelist jughead looking mothman mayor hiram lodge running entire town ground enjoying doritos
Hiram Lodge for @Doritos  #Riverdale https://t.co/pjiKVTGdfV,False,en,3,2,2021-02-26 01:39:07,1365114138830270465,"['hiram', 'lodge', 'riverdale']",hiram lodge riverdale
Hiram Lodge eating Doritos is the most meta thing I‚Äôve ever seen. #Riverdale,False,en,3,0,2021-02-26 01:18:12,1365108872684462086,"['hiram', 'lodge', 'eating', 'doritos', 'meta', 'thing', 'ever', 'seen', 'riverdale']",hiram lodge eating doritos meta thing ever seen riverdale
I‚Äôm sorry but what was this about? It really looked like a Doritos sponsorship #Riverdale https://t.co/RfiuITn58K,False,en,2,0,2021-02-26 01:14:37,1365107971504529408,"['sorry', 'really', 'looked', 'like', 'doritos', 'sponsorship', 'riverdale']",sorry really looked like doritos sponsorship riverdale
Okay Hiriam might be a bad man but he loves @Doritos specifically Nacho Cheese! #Riverdale,False,en,0,0,2021-02-26 00:48:52,1365101491334352903,"['okay', 'hiriam', 'might', 'bad', 'man', 'loves', 'specifically', 'nacho', 'cheese', 'riverdale']",okay hiriam might bad man loves specifically nacho cheese riverdale
Is this a commercial for Doritos or an episode of Riverdale? Because this is doing a better job making me want Doritos than it is at making me care about whatever the new storyline in this show is.,False,en,1,0,2021-02-26 00:37:03,1365098518533333000,"['commercial', 'doritos', 'episode', 'riverdale', 'better', 'job', 'making', 'want', 'doritos', 'making', 'care', 'whatever', 'new', 'storyline', 'show']",commercial doritos episode riverdale better job making want doritos making care whatever new storyline show
The product placement of Hiram Lodge eating Doritos loool #Riverdale,False,en,4,0,2021-02-26 00:14:07,1365092745078054912,"['product', 'placement', 'hiram', 'lodge', 'eating', 'doritos', 'loool', 'riverdale']",product placement hiram lodge eating doritos loool riverdale
"this wasn‚Äôt a riverdale scene, it was a doritos ad https://t.co/DaPoUbKUtP",False,en,2,0,2021-02-26 00:07:54,1365091180438949888,"['riverdale', 'scene', 'doritos', 'ad']",riverdale scene doritos ad
Mark Consuelos eating Doritos on #Riverdale is my new favorite TV moment. https://t.co/jFbnMHdqc3,True,en,0,0,2021-02-25 23:29:38,1365081550203850757,"['mark', 'consuelos', 'eating', 'doritos', 'riverdale', 'new', 'favorite', 'tv', 'moment']",mark consuelos eating doritos riverdale new favorite tv moment
@Doritos @CW_Riverdale @MarkConsuelos - sneaky little paid promo?üëÄ https://t.co/gxjJhIMaMt,False,en,0,0,2021-02-25 22:55:06,1365072861950525450,"['sneaky', 'little', 'paid', 'promo']",sneaky little paid promo
"@Frubunny ITS REAL, HIM AND REGGIE ARE EATING RIVERDALE SUBWAY AND THE FUCIGNFGNDS DORITOS I",False,en,1,0,2021-02-25 22:49:12,1365071375103365130,"['real', 'reggie', 'eating', 'riverdale', 'subway', 'fucignfgnds', 'doritos']",real reggie eating riverdale subway fucignfgnds doritos
Wow...I wonder why I am suddenly craving Doritos ü•≤ #productplacement #riverdale https://t.co/AG114qIDDx,False,en,1,0,2021-02-25 22:34:06,1365067576607342595,"['wow', 'wonder', 'suddenly', 'craving', 'doritos', 'productplacement', 'riverdale']",wow wonder suddenly craving doritos productplacement riverdale
@FrailMary @kirstensaidwhat Do we do a paid product placement watch? Because I just want it noted how obvious that Doritos product placement was. #Riverdale,False,en,2,0,2021-02-25 21:27:36,1365050842773032960,"['paid', 'product', 'placement', 'watch', 'want', 'noted', 'obvious', 'doritos', 'product', 'placement', 'riverdale']",paid product placement watch want noted obvious doritos product placement riverdale
Anyone else notice the obvious product placement for @Doritos in @CW_Riverdale tonight? #evident #productplacement #slapintheface,False,en,0,0,2021-02-25 21:09:35,1365046307170222081,"['anyone', 'else', 'notice', 'obvious', 'product', 'placement', 'tonight', 'evident', 'productplacement', 'slapintheface']",anyone else notice obvious product placement tonight evident productplacement slapintheface
"RIVERDALE ""Back to School"": This show's just COMPLETELY watchable now. The time skip did wonders. Hiram &amp; his Doritos sh√ºd be a meme. Here for Reggie filing his nails. LOVE Tabitha. Every1's even hotter as adults. I's like ""no, don't do it"" ... &amp; then they did the Titanic thingüòÇ",False,en,0,0,2021-02-25 20:11:35,1365031711013171201,"['riverdale', 'back', 'school', 'show', 'completely', 'watchable', 'time', 'skip', 'wonders', 'hiram', 'amp', 'doritos', 'sh', 'meme', 'reggie', 'filing', 'nails', 'love', 'tabitha', 'every1', 'even', 'hotter', 'adults', 'like', 'amp', 'titanic', 'thing']",riverdale back school show completely watchable time skip wonders hiram amp doritos sh meme reggie filing nails love tabitha every1 even hotter adults like amp titanic thing
I love a doritos ad right smack in the middle of #Riverdale,False,en,0,0,2021-02-25 18:00:21,1364998682689503233,"['love', 'doritos', 'ad', 'right', 'smack', 'middle', 'riverdale']",love doritos ad right smack middle riverdale
Not the Doritos product placement #Riverdale,False,en,1,0,2021-02-25 17:43:25,1364994423784931341,"['doritos', 'product', 'placement', 'riverdale']",doritos product placement riverdale
"Riverdale has gone too far.

Exhibit A: Hiram Lodge eating a bag of Doritos https://t.co/OT6WeB23lx",False,en,2,0,2021-02-25 16:05:39,1364969818609319936,"['riverdale', 'gone', 'far', 'exhibit', 'hiram', 'lodge', 'eating', 'bag', 'doritos']",riverdale gone far exhibit hiram lodge eating bag doritos
Let Jughead and the fucking derelict in the trash yard be snacking on Doritos while they gab about Mothmen. Hiram Lodge would never grease his fingers with this peasant food. #Riverdale #Doritos https://t.co/et65ct0nSZ,False,en,2,0,2021-02-25 12:42:06,1364918595717849097,"['let', 'jughead', 'fucking', 'derelict', 'trash', 'yard', 'snacking', 'doritos', 'gab', 'mothmen', 'hiram', 'lodge', 'would', 'never', 'grease', 'fingers', 'peasant', 'food', 'riverdale', 'doritos']",let jughead fucking derelict trash yard snacking doritos gab mothmen hiram lodge would never grease fingers peasant food riverdale doritos
"is Doritos sponsoring Riverdale? because there was a so blatant sponsor moment that NASCAR was like ""what???""",False,en,1,0,2021-02-25 12:34:15,1364916617545736192,"['doritos', 'sponsoring', 'riverdale', 'blatant', 'sponsor', 'moment', 'nascar', 'like']",doritos sponsoring riverdale blatant sponsor moment nascar like
The Doritos placement in the latest Riverdale episode was shameless ü§£ü§£ü§£ü§£,False,en,1,0,2021-02-25 12:07:16,1364909826694914052,"['doritos', 'placement', 'latest', 'riverdale', 'episode', 'shameless']",doritos placement latest riverdale episode shameless
Watching last night's #Riverdale and Herman and Hiram may not agree with a lot but we can certainly agree on @Doritos flavor. Just of course we won't agree on who gets the last bag. üòù @MarkConsuelos,False,en,0,0,2021-02-25 11:38:09,1364902498784403456,"['watching', 'last', 'night', 'riverdale', 'herman', 'hiram', 'may', 'agree', 'lot', 'certainly', 'agree', 'flavor', 'course', 'agree', 'gets', 'last', 'bag']",watching last night riverdale herman hiram may agree lot certainly agree flavor course agree gets last bag
"All the people are teachers at #Riverdale High.
Hiram Lodge hates education, incorporated towns and loves Doritos(TM).",False,en,5,0,2021-02-25 11:29:34,1364900340143915008,"['people', 'teachers', 'riverdale', 'high', 'hiram', 'lodge', 'hates', 'education', 'incorporated', 'towns', 'loves', 'doritos', 'tm']",people teachers riverdale high hiram lodge hates education incorporated towns loves doritos tm
is riverdale sponsored by doritos,False,en,0,0,2021-02-25 10:59:02,1364892658242637824,"['riverdale', 'sponsored', 'doritos']",riverdale sponsored doritos
"RT @NotBrunoAgain: Riverdale‚Äôs current season villain is explaining that he must destroy Riverdale High School, to crush the town‚Äôs spirit‚Ä¶",False,en,0,1,2021-02-25 10:37:48,1364887313231335424,"['riverdale', 'current', 'season', 'villain', 'explaining', 'must', 'destroy', 'riverdale', 'high', 'school', 'crush', 'town', 'spirit']",riverdale current season villain explaining must destroy riverdale high school crush town spirit
Picturesque. #Riverdale #Doritos https://t.co/UpAKpoO6zR,False,en,2,0,2021-02-25 10:07:50,1364879773663711234,"['picturesque', 'riverdale', 'doritos']",picturesque riverdale doritos
Like what the fuck. #Riverdale #Doritos https://t.co/2pgKmjnrfz,False,en,3,0,2021-02-25 10:06:53,1364879530993868805,"['like', 'fuck', 'riverdale', 'doritos']",like fuck riverdale doritos
"HIRAM LODGE IS JUST CASUALLY EATING SPICY NACHO DORITOS!?!?! I understand product placement, but this is like if Frasier were chugging a Go-Gurt. No. Just no. #Riverdale",False,en,1,0,2021-02-25 10:05:38,1364879218354647040,"['hiram', 'lodge', 'casually', 'eating', 'spicy', 'nacho', 'doritos', 'understand', 'product', 'placement', 'like', 'frasier', 'chugging', 'go', 'gurt', 'riverdale']",hiram lodge casually eating spicy nacho doritos understand product placement like frasier chugging go gurt riverdale
Jughead as a teacher is exactly wheat I expected Jughead as a teacher to be. Man. And I love that Doritos product placement ü§£#riverdale https://t.co/9mJyM7lDqq,False,en,3,0,2021-02-25 08:47:36,1364859578794602498,"['jughead', 'teacher', 'exactly', 'wheat', 'expected', 'jughead', 'teacher', 'man', 'love', 'doritos', 'product', 'placement', 'riverdale']",jughead teacher exactly wheat expected jughead teacher man love doritos product placement riverdale
Oh a real bag or Doritos?????? Not the weird fake brands that exist in Riverdale?!,False,en,0,0,2021-02-25 08:08:37,1364849769068265474,"['oh', 'real', 'bag', 'doritos', 'weird', 'fake', 'brands', 'exist', 'riverdale']",oh real bag doritos weird fake brands exist riverdale
HIRAM LODGE IS OF COURSE the perfect vessel for a shameless product placement ü§£ @Doritos @CW_Riverdale,False,en,0,0,2021-02-25 07:15:04,1364836293402845186,"['hiram', 'lodge', 'course', 'perfect', 'vessel', 'shameless', 'product', 'placement']",hiram lodge course perfect vessel shameless product placement
"RT @_delusionalsoul: Also I really forgot about this the Doritos promotion LMAO üòÇüò≠

#Riverdale https://t.co/u39Ym9GURe",False,en,0,1,2021-02-25 07:10:22,1364835112563535873,"['delusionalsoul', 'also', 'really', 'forgot', 'doritos', 'promotion', 'lmao', 'riverdale']",delusionalsoul also really forgot doritos promotion lmao riverdale
"Also I really forgot about this the Doritos promotion LMAO üòÇüò≠

#Riverdale https://t.co/u39Ym9GURe",False,en,1,1,2021-02-25 07:10:09,1364835054979981315,"['also', 'really', 'forgot', 'doritos', 'promotion', 'lmao', 'riverdale']",also really forgot doritos promotion lmao riverdale
"Ok, #riverdale is clearly promoting Doritos",False,en,0,0,2021-02-25 06:03:24,1364818260101849090,"['ok', 'riverdale', 'clearly', 'promoting', 'doritos']",ok riverdale clearly promoting doritos
Was that a product placement plug for Doritos? #Riverdale ü§î,False,en,0,0,2021-02-25 05:29:20,1364809686361411587,"['product', 'placement', 'plug', 'doritos', 'riverdale']",product placement plug doritos riverdale
"@CW_Riverdale ü§ÆTHE ENTIRE EPISODE, IF NOT THE ENTIRE SEASON, WAS RUINED BY A BLATANT PERFUCTORY PRODUCT PLACEMENT OF A BAG OF @Doritos‚ùó https://t.co/OsMsmYVoUt",False,en,2,0,2021-02-25 05:28:28,1364809468559708161,"['entire', 'episode', 'entire', 'season', 'ruined', 'blatant', 'perfuctory', 'product', 'placement', 'bag']",entire episode entire season ruined blatant perfuctory product placement bag
"@CW_Riverdale ü§ÆTHE ENTIRE EPISODE, IF NOT THE ENTIRE SEASON, WAS RUINED BY A BLATANT PERFUCTORY PRODUCT PLACEMENT OF A BAG OF @Doritos‚ùó https://t.co/TQOaCsiQTq",False,en,0,0,2021-02-25 05:26:34,1364808986894163970,"['entire', 'episode', 'entire', 'season', 'ruined', 'blatant', 'perfuctory', 'product', 'placement', 'bag']",entire episode entire season ruined blatant perfuctory product placement bag
"@CW_Riverdale ü§ÆTHE ENTIRE EPISODE, IF NOT THE ENTIRE SEASON, WAS RUINED BY A BLATANT PERFUCTORY PRODUCT PLACEMENT OF A BAG OF @Doritos‚ùó https://t.co/gbd7gPrBEl",False,en,0,0,2021-02-25 05:15:10,1364806119512805376,"['entire', 'episode', 'entire', 'season', 'ruined', 'blatant', 'perfuctory', 'product', 'placement', 'bag']",entire episode entire season ruined blatant perfuctory product placement bag
"Literally, that product placement was *chefs kiss* ‚ù£Ô∏è

@Doritos @RiverdaleEPS @CW_Riverdale @MarkConsuelos https://t.co/L2ET4Fm6ha",True,en,1,0,2021-02-25 04:44:49,1364798483828531204,"['literally', 'product', 'placement', 'chefs', 'kiss']",literally product placement chefs kiss
"@CW_Riverdale @TheCW ü§ÆTHE ENTIRE EPISODE, IF NOT THE ENTIRE SEASON, WAS RUINED BY A BLATANT PERFUCTORY PRODUCT PLACEMENT OF A BAG OF @Doritos‚ùó https://t.co/NpNFCYAlXI",False,en,0,0,2021-02-25 04:44:16,1364798345475223555,"['entire', 'episode', 'entire', 'season', 'ruined', 'blatant', 'perfuctory', 'product', 'placement', 'bag']",entire episode entire season ruined blatant perfuctory product placement bag
Riverdale brought to you by Doritos. Truly inspired. https://t.co/lFOTUMY7mn,False,en,101,17,2021-02-25 04:42:56,1364798007372177408,"['riverdale', 'brought', 'doritos', 'truly', 'inspired']",riverdale brought doritos truly inspired
"Lol I know a sponsorship when I see it... the DORITOS
 #Riverdale",False,en,1,0,2021-02-25 04:35:23,1364796109558800385,"['lol', 'know', 'sponsorship', 'see', 'doritos', 'riverdale']",lol know sponsorship see doritos riverdale
I guess this episode was sponsored by Doritos. ü§î #Riverdale,False,en,0,0,2021-02-25 04:33:48,1364795707626938371,"['guess', 'episode', 'sponsored', 'doritos', 'riverdale']",guess episode sponsored doritos riverdale
...the obvious product placement of Doritos and Hiram holding it so you can see the logo thooo üòÇ. #Riverdale https://t.co/BzZXbMRaKH,False,en,2,0,2021-02-25 04:25:15,1364793557366804481,"['obvious', 'product', 'placement', 'doritos', 'hiram', 'holding', 'see', 'logo', 'thooo', 'riverdale']",obvious product placement doritos hiram holding see logo thooo riverdale
all while hiram channel #deathnote light yagami's potato chip eat with doritos with reggie on takeover #riverdale plans https://t.co/OaqEbUnJ5n,False,en,1,0,2021-02-25 04:24:16,1364793309617524736,"['hiram', 'channel', 'deathnote', 'light', 'yagami', 'potato', 'chip', 'eat', 'doritos', 'reggie', 'takeover', 'riverdale', 'plans']",hiram channel deathnote light yagami potato chip eat doritos reggie takeover riverdale plans
My God the Doritos advertising üòÇ #Riverdale,False,en,0,0,2021-02-25 04:04:00,1364788208156827650,"['god', 'doritos', 'advertising', 'riverdale']",god doritos advertising riverdale
Today I learned that Hiram Lodge eats Doritos. #Riverdale,False,en,5,2,2021-02-25 04:02:17,1364787778786099200,"['today', 'learned', 'hiram', 'lodge', 'eats', 'doritos', 'riverdale']",today learned hiram lodge eats doritos riverdale
"Riverdale‚Äôs current season villain is explaining that he must destroy Riverdale High School, to crush the town‚Äôs spirit and end all hope, while munching from a highly visible bag of product placement doritos",False,en,22,1,2021-02-25 03:28:47,1364779346599284738,"['riverdale', 'current', 'season', 'villain', 'explaining', 'must', 'destroy', 'riverdale', 'high', 'school', 'crush', 'town', 'spirit', 'end', 'hope', 'munching', 'highly', 'visible', 'bag', 'product', 'placement', 'doritos']",riverdale current season villain explaining must destroy riverdale high school crush town spirit end hope munching highly visible bag product placement doritos
So Hiram eats Doritos. Cool. #Riverdale,False,en,2,0,2021-02-25 03:23:48,1364778092242296835,"['hiram', 'eats', 'doritos', 'cool', 'riverdale']",hiram eats doritos cool riverdale
Um applauding Riverdale with the excellent product placement for Doritos. #Riverdale,False,en,0,0,2021-02-25 03:21:38,1364777548576677889,"['um', 'applauding', 'riverdale', 'excellent', 'product', 'placement', 'doritos', 'riverdale']",um applauding riverdale excellent product placement doritos riverdale
@daintybetts @CW_Riverdale I thought the same thing. Like what is this rando doritos plug?,False,en,0,0,2021-02-25 03:00:57,1364772344468758528,"['thought', 'thing', 'like', 'rando', 'doritos', 'plug']",thought thing like rando doritos plug
@MarkConsuelos @KellyRipa  Hiram Lodge grubbing on Doritos? The real question is...Does Mark Consuelos eat Doritos? #Riverdale https://t.co/LLWYhBWAOo,False,en,0,0,2021-02-25 02:58:11,1364771648046575618,"['hiram', 'lodge', 'grubbing', 'doritos', 'real', 'question', 'mark', 'consuelos', 'eat', 'doritos', 'riverdale']",hiram lodge grubbing doritos real question mark consuelos eat doritos riverdale
How did Hiram get Doritos rights??? #Riverdale,False,en,0,0,2021-02-25 02:15:59,1364761028182089729,"['hiram', 'get', 'doritos', 'rights', 'riverdale']",hiram get doritos rights riverdale
why do I feel like Riverdale just got paid to be a Doritos commercial-,False,en,2,0,2021-02-25 02:12:48,1364760225161617411,"['feel', 'like', 'riverdale', 'got', 'paid', 'doritos', 'commercial']",feel like riverdale got paid doritos commercial
Would never have called Hiram Lodge as a Doritos fan. #Riverdale https://t.co/s6dvgdT5JF,False,en,1,0,2021-02-25 01:26:02,1364748456171028480,"['would', 'never', 'called', 'hiram', 'lodge', 'doritos', 'fan', 'riverdale']",would never called hiram lodge doritos fan riverdale
The Doritos product placement was far from subtle #Riverdale https://t.co/2pZn9BVGNP,True,en,8,1,2021-02-25 01:23:25,1364747798772596736,"['doritos', 'product', 'placement', 'far', 'subtle', 'riverdale']",doritos product placement far subtle riverdale
Did Doritos sponsor  #Riverdale or something üò≠üò≠,False,en,0,0,2021-02-25 01:21:06,1364747214409539584,"['doritos', 'sponsor', 'riverdale', 'something']",doritos sponsor riverdale something
"@Recap_Rewind I was just thinking that!üòÇ
Dang delicious Doritos!üòã
#Riverdale",False,en,0,0,2021-02-25 01:15:12,1364745730049605632,"['thinking', 'dang', 'delicious', 'doritos', 'riverdale']",thinking dang delicious doritos riverdale
Doritos sales after this üìà #Riverdale https://t.co/mla5qSyBEv,True,en,225,18,2021-02-25 01:11:38,1364744831935856640,"['doritos', 'sales', 'riverdale']",doritos sales riverdale
"@MarkConsuelos Hiram holding a bag of @Doritos up to the camera on @CW_Riverdale üòÇ
Product Placement
#Riverdale 
#doritos",False,en,0,0,2021-02-25 01:11:20,1364744759194103809,"['hiram', 'holding', 'bag', 'camera', 'product', 'placement', 'riverdale', 'doritos']",hiram holding bag camera product placement riverdale doritos
Now I want Doritos #Riverdale,False,en,0,0,2021-02-25 01:11:01,1364744675647700994,"['want', 'doritos', 'riverdale']",want doritos riverdale
hiram lodge out here doing ads for doritos &gt;&gt;&gt;&gt; #riverdale,False,en,0,0,2021-02-25 01:10:11,1364744467551502336,"['hiram', 'lodge', 'ads', 'doritos', 'gt', 'gt', 'gt', 'gt', 'riverdale']",hiram lodge ads doritos gt gt gt gt riverdale
RT @mewithoutH: So Doritos are the go to chips for villians? #Riverdale,False,en,0,1,2021-02-25 01:09:55,1364744400715337728,"['doritos', 'go', 'chips', 'villians', 'riverdale']",doritos go chips villians riverdale
So Doritos are the go to chips for villians? #Riverdale,False,en,3,1,2021-02-25 01:09:41,1364744340413808645,"['doritos', 'go', 'chips', 'villians', 'riverdale']",doritos go chips villians riverdale
#riverdale i cannot take hiram seriously when he‚Äôs just eating doritos casually,False,en,0,0,2021-02-25 01:09:39,1364744333157662721,"['riverdale', 'cannot', 'take', 'hiram', 'seriously', 'eating', 'doritos', 'casually']",riverdale cannot take hiram seriously eating doritos casually
"Closed Captioning for #Riverdale brought to you by Doritos! Hiram can‚Äôt get enough of them, and neither can I!üòÜ https://t.co/mmLxoI9ziA",False,en,5,0,2021-02-25 01:08:03,1364743931079110658,"['closed', 'captioning', 'riverdale', 'brought', 'doritos', 'hiram', 'get', 'enough', 'neither']",closed captioning riverdale brought doritos hiram get enough neither
#Riverdale the new Doritos ad campaign?,False,en,9,0,2021-02-25 01:06:27,1364743526974644225,"['riverdale', 'new', 'doritos', 'ad', 'campaign']",riverdale new doritos ad campaign
"Hiram casually eating doritos , threw me out #Riverdale https://t.co/tyXgr1VgTO",True,en,0,0,2021-02-25 01:06:24,1364743517134872579,"['hiram', 'casually', 'eating', 'doritos', 'threw', 'riverdale']",hiram casually eating doritos threw riverdale
"Oh no, has Doritos chosen the wrong side?! #Riverdale #productplacement",False,en,1,0,2021-02-25 01:05:50,1364743374033608707,"['oh', 'doritos', 'chosen', 'wrong', 'side', 'riverdale', 'productplacement']",oh doritos chosen wrong side riverdale productplacement
Doritos is sponsored of #Riverdale,False,en,1,0,2021-02-25 01:05:47,1364743360783609862,"['doritos', 'sponsored', 'riverdale']",doritos sponsored riverdale
"Let me guess @Doritos is a sponsor of @CW_Riverdale ?
üòÇ #notsubtle #Riverdale",False,en,2,0,2021-02-25 01:05:43,1364743343129956357,"['let', 'guess', 'sponsor', 'notsubtle', 'riverdale']",let guess sponsor notsubtle riverdale
RT @heyitsjennalynn: I am absolutely losing my mind over Hiram Lodge menacingly eating Doritos and a submarine sandwich. #Riverdale,False,en,0,1,2021-02-25 01:05:23,1364743260921614336,"['absolutely', 'losing', 'mind', 'hiram', 'lodge', 'menacingly', 'eating', 'doritos', 'submarine', 'sandwich', 'riverdale']",absolutely losing mind hiram lodge menacingly eating doritos submarine sandwich riverdale
"#Riverdale Sponsored by: Doritos üö® 
#Doritos 
Doritos is part of the Riverdale Universe üò±ü§≠ü§£ https://t.co/y32IdtOzSz",False,en,15,0,2021-02-25 01:05:16,1364743229220995073,"['riverdale', 'sponsored', 'doritos', 'doritos', 'doritos', 'part', 'riverdale', 'universe']",riverdale sponsored doritos doritos doritos part riverdale universe
never pictured Hiram as a Doritos man. hate it. #Riverdale,False,en,0,0,2021-02-25 01:05:02,1364743172405014532,"['never', 'pictured', 'hiram', 'doritos', 'man', 'hate', 'riverdale']",never pictured hiram doritos man hate riverdale
I am absolutely losing my mind over Hiram Lodge menacingly eating Doritos and a submarine sandwich. #Riverdale,False,en,0,1,2021-02-25 01:05:01,1364743168462368771,"['absolutely', 'losing', 'mind', 'hiram', 'lodge', 'menacingly', 'eating', 'doritos', 'submarine', 'sandwich', 'riverdale']",absolutely losing mind hiram lodge menacingly eating doritos submarine sandwich riverdale
Hiram and Reggie eating Doritos huh? Surprised the chip brand was fine with being featured on the show.üòÜ #Riverdale,False,en,1,0,2021-02-25 01:04:58,1364743154784681986,"['hiram', 'reggie', 'eating', 'doritos', 'huh', 'surprised', 'chip', 'brand', 'fine', 'featured', 'show', 'riverdale']",hiram reggie eating doritos huh surprised chip brand fine featured show riverdale
I feel like Hiram Loge would never eat Doritos lmao #Riverdale,False,en,0,0,2021-02-25 01:04:54,1364743138020122626,"['feel', 'like', 'hiram', 'loge', 'would', 'never', 'eat', 'doritos', 'lmao', 'riverdale']",feel like hiram loge would never eat doritos lmao riverdale
Is That Doritos? #Riverdale https://t.co/856G5Zh06U,True,en,1,0,2021-02-25 01:04:52,1364743130877157378,"['doritos', 'riverdale']",doritos riverdale
ew hiram eats doritos? he doesnt deserve doritos #Riverdale,False,en,0,0,2021-02-25 01:04:48,1364743113634414594,"['ew', 'hiram', 'eats', 'doritos', 'doesnt', 'deserve', 'doritos', 'riverdale']",ew hiram eats doritos doesnt deserve doritos riverdale
Nice product placement for Doritos.... #Riverdale https://t.co/vW68tf914d,False,en,0,0,2021-02-25 01:04:47,1364743110241234946,"['nice', 'product', 'placement', 'doritos', 'riverdale']",nice product placement doritos riverdale
Don‚Äôt even mentioned him or Doritos #Riverdale,False,en,0,0,2021-02-25 01:04:45,1364743099470147588,"['even', 'mentioned', 'doritos', 'riverdale']",even mentioned doritos riverdale
lmao hiram eating doritos #riverdale,False,en,0,0,2021-02-25 01:04:40,1364743080042233857,"['lmao', 'hiram', 'eating', 'doritos', 'riverdale']",lmao hiram eating doritos riverdale
That blatant Doritos product placement was weird. #Riverdale,False,en,0,0,2021-02-25 01:04:39,1364743075864666113,"['blatant', 'doritos', 'product', 'placement', 'weird', 'riverdale']",blatant doritos product placement weird riverdale
I refuse to believe that Hiram Lodge eats something as delightful as Doritos for a snack #Riverdale #productplacement,False,en,8,0,2021-02-25 01:04:35,1364743058802286594,"['refuse', 'believe', 'hiram', 'lodge', 'eats', 'something', 'delightful', 'doritos', 'snack', 'riverdale', 'productplacement']",refuse believe hiram lodge eats something delightful doritos snack riverdale productplacement
#Riverdale HIRAM EATING DORITOS I CANT üò≠,False,en,2,0,2021-02-25 01:04:31,1364743040263454721,"['riverdale', 'hiram', 'eating', 'doritos', 'cant']",riverdale hiram eating doritos cant
the blatant product placement of the doritos is painfully out of place on #Riverdale,False,en,0,0,2021-02-25 01:04:28,1364743030998241282,"['blatant', 'product', 'placement', 'doritos', 'painfully', 'place', 'riverdale']",blatant product placement doritos painfully place riverdale
I don't believe for one minute that Hiram Lodge eats Doritos #Riverdale,False,en,2,0,2021-02-25 01:04:27,1364743023997894659,"['believe', 'one', 'minute', 'hiram', 'lodge', 'eats', 'doritos', 'riverdale']",believe one minute hiram lodge eats doritos riverdale
That Doritos product placement #Riverdale,False,en,0,0,2021-02-25 01:04:26,1364743020449562627,"['doritos', 'product', 'placement', 'riverdale']",doritos product placement riverdale
RT @ErinHmm: #Riverdale Hiram evilly eating Doritos is the highlight of my day.,False,en,0,1,2021-02-25 01:04:20,1364742994545549312,"['riverdale', 'hiram', 'evilly', 'eating', 'doritos', 'highlight', 'day']",riverdale hiram evilly eating doritos highlight day
DID THEY GET A DORITOS SPONSORSHIP #Riverdale,False,en,1,0,2021-02-25 01:04:13,1364742968272429057,"['get', 'doritos', 'sponsorship', 'riverdale']",get doritos sponsorship riverdale
How much money did Doritos pay for that shot in #Riverdale? The camera lingered for a long ass time lol.,False,en,2,0,2021-02-25 01:04:11,1364742957870546947,"['much', 'money', 'doritos', 'pay', 'shot', 'riverdale', 'camera', 'lingered', 'long', 'ass', 'time', 'lol']",much money doritos pay shot riverdale camera lingered long ass time lol
"God, all I want is Hiram Lodge to feed me Doritos
#Riverdale",False,en,1,0,2021-02-25 01:04:09,1364742947649052673,"['god', 'want', 'hiram', 'lodge', 'feed', 'doritos', 'riverdale']",god want hiram lodge feed doritos riverdale
#Riverdale Hiram evilly eating Doritos is the highlight of my day.,False,en,0,1,2021-02-25 01:04:04,1364742926803210244,"['riverdale', 'hiram', 'evilly', 'eating', 'doritos', 'highlight', 'day']",riverdale hiram evilly eating doritos highlight day
That bag of Doritos #Riverdale,False,en,1,0,2021-02-25 01:03:59,1364742906326704128,"['bag', 'doritos', 'riverdale']",bag doritos riverdale
I hope Hiram chokes on those Doritos #Riverdale,False,en,1,0,2021-02-25 01:03:55,1364742892548415488,"['hope', 'hiram', 'chokes', 'doritos', 'riverdale']",hope hiram chokes doritos riverdale
Not the Doritos  #Riverdale,False,en,3,0,2021-02-25 01:03:55,1364742891210440706,"['doritos', 'riverdale']",doritos riverdale
CRYING AT THE DORITOS SPONSOR üòÇüòÇüòÇüòÇüòÇ #Riverdale,False,en,1,0,2021-02-25 01:03:52,1364742876744286209,"['crying', 'doritos', 'sponsor', 'riverdale']",crying doritos sponsor riverdale
This episode sponsored by Doritos. #Riverdale,False,en,0,0,2021-02-25 01:03:47,1364742855890259972,"['episode', 'sponsored', 'doritos', 'riverdale']",episode sponsored doritos riverdale
Hiram and that sweet Doritos product placement. #Riverdale,False,en,0,0,2021-02-25 01:03:46,1364742852685799426,"['hiram', 'sweet', 'doritos', 'product', 'placement', 'riverdale']",hiram sweet doritos product placement riverdale
