tweets,quote_status,language,favorite_count,retweet_count,time,id,rating,rating_pos,rating_neu,rating_neg,processed_text,cleaned_tweets
RT @softfalice: melissa and joey moments that radiate falice energy ‚Äî a thread üåº https://t.co/XTVx1SndMk,FALSE,en,0,5,2/27/2021 5:47,1.36554E+18,"{'neg': 0.0, 'neu': 0.84, 'pos': 0.16, 'compound': 0.2732}",1,,,"['melissa', 'joey', 'moments', 'radiate', 'falice', 'energy', 'thread']",melissa joey moments radiate falice energy thread
"@mishacollins
 lets sue the Riverdale writers and give a barchie , falice , choni endgame",FALSE,en,0,0,2/27/2021 5:31,1.36554E+18,"{'neg': 0.0, 'neu': 1.0, 'pos': 0.0, 'compound': 0.0}",,0.4,0.6,"['lets', 'sue', 'riverdale', 'writers', 'give', 'barchie', 'falice', 'choni', 'endgame']",lets sue riverdale writers give barchie falice choni endgame
"@mishacollins lets sue the Riverdale writers and give a barchie , falice , chino endgame",FALSE,en,0,0,2/27/2021 5:31,1.36554E+18,"{'neg': 0.0, 'neu': 1.0, 'pos': 0.0, 'compound': 0.0}",,0.4,0.6,"['lets', 'sue', 'riverdale', 'writers', 'give', 'barchie', 'falice', 'chino', 'endgame']",lets sue riverdale writers give barchie falice chino endgame
"The pinky TEASE, I miss season 2 falice https://t.co/U33yKgO7gl",TRUE,en,4,0,2/27/2021 4:10,1.36551E+18,"{'neg': 0.481, 'neu': 0.519, 'pos': 0.0, 'compound': -0.5622}",0.75,,0.25,"['pinky', 'tease', 'miss', 'season', '2', 'falice']",pinky tease miss season 2 falice
RT @amicksbabe: I want fp‚Äôs letter @RiverdaleWriter,FALSE,en,0,5,2/27/2021 3:58,1.36551E+18,"{'neg': 0.0, 'neu': 0.794, 'pos': 0.206, 'compound': 0.0772}",0.9,,0.1,"['want', 'fp', 'letter']",want fp letter
hey besties vote barchie pambrose nabrina rozharvey the only archieverse ships that matter !!! choni and falice can have some love too but barchiepambrose!!!!! https://t.co/SIBU040o0F,TRUE,en,1,0,2/27/2021 1:50,1.36548E+18,"{'neg': 0.0, 'neu': 0.827, 'pos': 0.173, 'compound': 0.5883}",0.5,0.5,,"['hey', 'besties', 'vote', 'barchie', 'pambrose', 'nabrina', 'rozharvey', 'archieverse', 'ships', 'matter', 'choni', 'falice', 'love', 'barchiepambrose']",hey besties vote barchie pambrose nabrina rozharvey archieverse ships matter choni falice love barchiepambrose
"RT @barchanted: I will be voting for Barchie, Choni, and Falice. Who's with me? üòá",TRUE,en,0,1,2/27/2021 1:31,1.36547E+18,"{'neg': 0.0, 'neu': 1.0, 'pos': 0.0, 'compound': 0.0}",0.5,0.5,,"['voting', 'barchie', 'choni', 'falice']",voting barchie choni falice
"I will be voting for Barchie, Choni, and Falice. Who's with me? üòá https://t.co/0k9pxUUjWA",TRUE,en,9,1,2/27/2021 0:04,1.36545E+18,"{'neg': 0.0, 'neu': 1.0, 'pos': 0.0, 'compound': 0.0}",0.5,0.5,,"['voting', 'barchie', 'choni', 'falice']",voting barchie choni falice
@CW_Riverdale The question is where are the falice deleted scenes????,FALSE,en,0,0,2/26/2021 22:21,1.36543E+18,"{'neg': 0.0, 'neu': 1.0, 'pos': 0.0, 'compound': 0.0}",0.5,0.5,,"['question', 'falice', 'deleted', 'scenes']",question falice deleted scenes
@CW_Riverdale where are the falice deleted scenes? that is the real question,FALSE,en,6,0,2/26/2021 21:12,1.36541E+18,"{'neg': 0.0, 'neu': 1.0, 'pos': 0.0, 'compound': 0.0}",0.5,0.5,,"['falice', 'deleted', 'scenes', 'real', 'question']",falice deleted scenes real question
@CW_Riverdale more importantly where was the falice letter? where are the falice deleted scenes?,FALSE,en,8,0,2/26/2021 21:10,1.36541E+18,"{'neg': 0.0, 'neu': 0.815, 'pos': 0.185, 'compound': 0.4503}",0.5,0.5,,"['importantly', 'falice', 'letter', 'falice', 'deleted', 'scenes']",importantly falice letter falice deleted scenes
@CW_Riverdale The real question is where is Falice deleted scene ü•∫,FALSE,en,15,0,2/26/2021 21:05,1.36541E+18,"{'neg': 0.0, 'neu': 1.0, 'pos': 0.0, 'compound': 0.0}",0.5,0.5,,"['real', 'question', 'falice', 'deleted', 'scene']",real question falice deleted scene
"RT @karyv_mp: And in 12 years time, will we smile when we think about us?

Our timing is a mess but that don‚Äôt mean that it means less and‚Ä¶",FALSE,en,0,2,2/26/2021 20:36,1.3654E+18,"{'neg': 0.059, 'neu': 0.881, 'pos': 0.059, 'compound': 0.0}",,1,,"['12', 'years', 'time', 'smile', 'think', 'us', 'timing', 'mess', 'mean', 'means', 'less']",12 years time smile think us timing mess mean means less
I want young falice back for s5 ü§Øü•µ  https://t.co/WXYuMbGz8A,FALSE,en,12,1,2/26/2021 20:34,1.3654E+18,"{'neg': 0.0, 'neu': 0.843, 'pos': 0.157, 'compound': 0.0772}",0.75,0.25,,"['want', 'young', 'falice', 'back', 's5']",want young falice back s5
RT @softfalice: falice hooking up in pop‚Äôs? canon if you ask me! we already know she loved him in that uniform https://t.co/W8dqvsNSeT,FALSE,en,0,1,2/26/2021 19:57,1.36539E+18,"{'neg': 0.0, 'neu': 0.834, 'pos': 0.166, 'compound': 0.636}",1,,,"['falice', 'hooking', 'pop', 'canon', 'ask', 'already', 'know', 'loved', 'uniform']",falice hooking pop canon ask already know loved uniform
"@PamelaMills27 i do!!! they are my fav ship after falice, i love them so so so much",FALSE,en,1,0,2/26/2021 19:55,1.36539E+18,"{'neg': 0.0, 'neu': 0.617, 'pos': 0.383, 'compound': 0.8433}",1,,,"['fav', 'ship', 'falice', 'love', 'much']",fav ship falice love much
how both meljoe and falice are when it comes to sex. teasing? always off the charts. ‚ÄúI was driving!‚Äù is taking me out https://t.co/YymYJA9l10,FALSE,en,4,0,2/26/2021 19:22,1.36538E+18,"{'neg': 0.065, 'neu': 0.935, 'pos': 0.0, 'compound': -0.1511}",1,,,"['meljoe', 'falice', 'comes', 'sex', 'teasing', 'always', 'charts', 'driving', 'taking']",meljoe falice comes sex teasing always charts driving taking
THIS IS FALICE! HELLO?! alice admitting that she is wrong must be rare https://t.co/PlOeiuM3yL,FALSE,en,4,0,2/26/2021 19:22,1.36538E+18,"{'neg': 0.221, 'neu': 0.779, 'pos': 0.0, 'compound': -0.5696}",0.3,0.6,0.1,"['falice', 'hello', 'alice', 'admitting', 'wrong', 'must', 'rare']",falice hello alice admitting wrong must rare
falice hooking up in pop‚Äôs? canon if you ask me! we already know she loved him in that uniform https://t.co/W8dqvsNSeT,FALSE,en,6,1,2/26/2021 19:21,1.36538E+18,"{'neg': 0.0, 'neu': 0.819, 'pos': 0.181, 'compound': 0.636}",1,,,"['falice', 'hooking', 'pop', 'canon', 'ask', 'already', 'know', 'loved', 'uniform']",falice hooking pop canon ask already know loved uniform
melissa and joey moments that radiate falice energy ‚Äî a thread üåº https://t.co/XTVx1SndMk,FALSE,en,30,5,2/26/2021 19:21,1.36538E+18,"{'neg': 0.0, 'neu': 0.811, 'pos': 0.189, 'compound': 0.2732}",1,,,"['melissa', 'joey', 'moments', 'radiate', 'falice', 'energy', 'thread']",melissa joey moments radiate falice energy thread
@molina_yaneisy i‚Äôm posting it in a bit when it rendered its not a falice fancam tho,FALSE,en,1,0,2/26/2021 18:34,1.36537E+18,"{'neg': 0.0, 'neu': 1.0, 'pos': 0.0, 'compound': 0.0}",,1,,"['posting', 'bit', 'rendered', 'falice', 'fancam', 'tho']",posting bit rendered falice fancam tho
So I‚Äôm missing them...üò¢üíî @madchenamick  #falice #faliceforever #faliceedit #fpjones #alicesmith #instagram #TikTok https://t.co/7oXAH8Nwze,FALSE,en,1,0,2/26/2021 17:50,1.36536E+18,"{'neg': 0.171, 'neu': 0.829, 'pos': 0.0, 'compound': -0.3566}",,0.5,0.5,"['missing', 'falice', 'faliceforever', 'faliceedit', 'fpjones', 'alicesmith', 'instagram', 'tiktok']",missing falice faliceforever faliceedit fpjones alicesmith instagram tiktok
"RT @CWRiverdaleNew: We have something to tell you: we miss #Falice, we loved posted about them. ‚ù§Ô∏è",FALSE,en,0,25,2/26/2021 17:19,1.36535E+18,"{'neg': 0.078, 'neu': 0.732, 'pos': 0.19, 'compound': 0.5106}",0.5,0.5,,"['something', 'tell', 'miss', 'falice', 'loved', 'posted']",something tell miss falice loved posted
"And in 12 years time, will we smile when we think about us?

Our timing is a mess but that don‚Äôt mean that it means less and if we have to say goodbye ‚Äòcause is for the best, what are we gonna do with all this love? #Falice

 https://t.co/9w0mf3hDyc",FALSE,en,14,2,2/26/2021 17:03,1.36535E+18,"{'neg': 0.029, 'neu': 0.725, 'pos': 0.246, 'compound': 0.9447}",,1,,"['12', 'years', 'time', 'smile', 'think', 'us', 'timing', 'mess', 'mean', 'means', 'less', 'say', 'goodbye', 'cause', 'best', 'gonna', 'love', 'falice']",12 years time smile think us timing mess mean means less say goodbye cause best gonna love falice
@falicesushi Falice,FALSE,en,0,0,2/26/2021 14:47,1.36531E+18,"{'neg': 0.0, 'neu': 1.0, 'pos': 0.0, 'compound': 0.0}",0.5,0.5,,['falice'],falice
RT @molina_yaneisy: #FALICE to #SK√ÑDCHEN x streets x wild though https://t.co/Djs4dKgJQv,FALSE,en,0,1,2/26/2021 14:39,1.36531E+18,"{'neg': 0.0, 'neu': 1.0, 'pos': 0.0, 'compound': 0.0}",0.5,0.5,,"['falice', 'sk', 'dchen', 'x', 'streets', 'x', 'wild', 'though']",falice sk dchen x streets x wild though
#FALICE to #SK√ÑDCHEN x streets x wild though https://t.co/Djs4dKgJQv,FALSE,en,13,1,2/26/2021 14:37,1.36531E+18,"{'neg': 0.0, 'neu': 1.0, 'pos': 0.0, 'compound': 0.0}",0.5,0.5,,"['falice', 'sk', 'dchen', 'x', 'streets', 'x', 'wild', 'though']",falice sk dchen x streets x wild though
@HindRain Have you published this yet? Or still in the process of writing before pubshiling? I‚Äôm always looking for new falice fivs to read üíú,FALSE,en,0,0,2/26/2021 3:00,1.36513E+18,"{'neg': 0.0, 'neu': 1.0, 'pos': 0.0, 'compound': 0.0}",0.25,0.75,,"['published', 'yet', 'still', 'process', 'writing', 'pubshiling', 'always', 'looking', 'new', 'falice', 'fivs', 'read']",published yet still process writing pubshiling always looking new falice fivs read
RT @molina_yaneisy: #FALICE : do you wanna know https://t.co/iWNBbp5qK2,FALSE,en,0,2,2/25/2021 23:59,1.36509E+18,"{'neg': 0.0, 'neu': 1.0, 'pos': 0.0, 'compound': 0.0}",,1,,"['falice', 'wanna', 'know']",falice wanna know
Anyone got the falice thread?? I can‚Äôt find it,FALSE,en,2,0,2/25/2021 23:30,1.36508E+18,"{'neg': 0.0, 'neu': 1.0, 'pos': 0.0, 'compound': 0.0}",,1,,"['anyone', 'got', 'falice', 'thread', 'find']",anyone got falice thread find
I became done with B*ghead as soon as the stans were rude to Falice stans in s2,FALSE,en,0,0,2/25/2021 23:26,1.36508E+18,"{'neg': 0.167, 'neu': 0.833, 'pos': 0.0, 'compound': -0.4588}",,0.75,0.25,"['became', 'done', 'b', 'ghead', 'soon', 'stans', 'rude', 'falice', 'stans', 's2']",became done b ghead soon stans rude falice stans s2
RT @medicaldoctxr: Me after watching the falice kiss scene for the millionth time https://t.co/tsJJQyylNl,FALSE,en,0,4,2/25/2021 23:16,1.36508E+18,"{'neg': 0.0, 'neu': 0.823, 'pos': 0.177, 'compound': 0.4215}",1,,,"['watching', 'falice', 'kiss', 'scene', 'millionth', 'time']",watching falice kiss scene millionth time
#FALICE : do you wanna know https://t.co/iWNBbp5qK2,FALSE,en,4,2,2/25/2021 22:46,1.36507E+18,"{'neg': 0.0, 'neu': 1.0, 'pos': 0.0, 'compound': 0.0}",,1,,"['falice', 'wanna', 'know']",falice wanna know
@softfalice having a falice moment in her one shots just makes me love this moment more https://t.co/5F2iQxj9yI,TRUE,en,1,0,2/25/2021 22:14,1.36506E+18,"{'neg': 0.0, 'neu': 0.781, 'pos': 0.219, 'compound': 0.6369}",1,,,"['falice', 'moment', 'one', 'shots', 'makes', 'love', 'moment']",falice moment one shots makes love moment
@amicksbabe Wait...not ruin the falice moment but this could have not been in Fp is trailer that room bigger than mine!üòÖ,FALSE,en,0,0,2/25/2021 22:00,1.36506E+18,"{'neg': 0.119, 'neu': 0.881, 'pos': 0.0, 'compound': -0.4003}",,1,,"['wait', 'ruin', 'falice', 'moment', 'could', 'fp', 'trailer', 'room', 'bigger', 'mine']",wait ruin falice moment could fp trailer room bigger mine
RT @ilovefpalice: the falice scene i have so MANY TEARS IM NOT OKAY #riverdale https://t.co/aF2m0qkegD,FALSE,en,0,77,2/25/2021 20:56,1.36504E+18,"{'neg': 0.299, 'neu': 0.701, 'pos': 0.0, 'compound': -0.6273}",,0.5,0.5,"['falice', 'scene', 'many', 'tears', 'im', 'okay', 'riverdale']",falice scene many tears im okay riverdale
RT @yael_ronen_: Its remind me so much of falice!!! (3√ó03),TRUE,en,0,2,2/25/2021 20:37,1.36504E+18,"{'neg': 0.0, 'neu': 1.0, 'pos': 0.0, 'compound': 0.0}",0.5,0.5,,"['remind', 'much', 'falice', '3', '03']",remind much falice 3 03
RT @softfalice: i‚Äôm in my teen falice phase and because of that writing my fic about them is going so well after not having motivation for‚Ä¶,FALSE,en,0,1,2/25/2021 20:36,1.36504E+18,"{'neg': 0.071, 'neu': 0.834, 'pos': 0.095, 'compound': 0.1791}",0.5,0.5,,"['teen', 'falice', 'phase', 'writing', 'fic', 'going', 'well', 'motivation']",teen falice phase writing fic going well motivation
"@90smadchen Something about Alice,Falice and Choni! Good luck ü•∞",FALSE,en,1,0,2/25/2021 20:01,1.36503E+18,"{'neg': 0.0, 'neu': 0.492, 'pos': 0.508, 'compound': 0.7345}",,1,,"['something', 'alice', 'falice', 'choni', 'good', 'luck']",something alice falice choni good luck
@the_falice yeah :/,FALSE,en,1,0,2/25/2021 19:54,1.36503E+18,"{'neg': 0.429, 'neu': 0.179, 'pos': 0.393, 'compound': -0.0516}",,0.75,0.25,['yeah'],yeah
every week i am just waiting to see if there‚Äôs any mention of alice being with anyone else....bc if there isn‚Äôt.......im keeping my falice ldr headcanon,FALSE,en,0,0,2/25/2021 19:27,1.36502E+18,"{'neg': 0.0, 'neu': 1.0, 'pos': 0.0, 'compound': 0.0}",0.25,0.75,,"['every', 'week', 'waiting', 'see', 'mention', 'alice', 'anyone', 'else', 'bc', 'im', 'keeping', 'falice', 'ldr', 'headcanon']",every week waiting see mention alice anyone else bc im keeping falice ldr headcanon
"@90smadchen Anything about Cheryl, Toni or Alice. And Choni &amp; FaliceüòÇüòÇüòÇ",FALSE,en,2,0,2/25/2021 19:22,1.36502E+18,"{'neg': 0.0, 'neu': 1.0, 'pos': 0.0, 'compound': 0.0}",,1,,"['anything', 'cheryl', 'toni', 'alice', 'choni', 'amp', 'falice']",anything cheryl toni alice choni amp falice
"@MarkDice Meanwhile, Mark Dice has micro falice.",FALSE,en,0,0,2/25/2021 19:07,1.36502E+18,"{'neg': 0.0, 'neu': 1.0, 'pos': 0.0, 'compound': 0.0}",,1,,"['meanwhile', 'mark', 'dice', 'micro', 'falice']",meanwhile mark dice micro falice
i‚Äôm in my teen falice phase and because of that writing my fic about them is going so well after not having motivation for so long,FALSE,en,24,1,2/25/2021 18:29,1.36501E+18,"{'neg': 0.071, 'neu': 0.834, 'pos': 0.095, 'compound': 0.1791}",0.5,0.5,,"['teen', 'falice', 'phase', 'writing', 'fic', 'going', 'well', 'motivation', 'long']",teen falice phase writing fic going well motivation long
@amicksbabe Not me watching this for like 30 minutes...üëÄüò™,FALSE,en,1,0,2/25/2021 18:22,1.365E+18,"{'neg': 0.0, 'neu': 0.762, 'pos': 0.238, 'compound': 0.3612}",,1,,"['watching', 'like', '30', 'minutes']",watching like 30 minutes
@Ienamathers What ship did someone compare them to? B*ghead..üò≥??,FALSE,en,1,0,2/25/2021 18:18,1.365E+18,"{'neg': 0.0, 'neu': 1.0, 'pos': 0.0, 'compound': 0.0}",,1,,"['ship', 'someone', 'compare', 'b', 'ghead']",ship someone compare b ghead
‚ï± gimme falice ü•∫,FALSE,en,0,0,2/25/2021 18:03,1.365E+18,"{'neg': 0.0, 'neu': 1.0, 'pos': 0.0, 'compound': 0.0}",0.5,0.5,,"['gimme', 'falice']",gimme falice
RT @BugheadGif: cole and lili as young falice [3.04] #riverdale https://t.co/PzVA1uoMZ5,FALSE,en,0,52,2/25/2021 17:48,1.365E+18,"{'neg': 0.0, 'neu': 1.0, 'pos': 0.0, 'compound': 0.0}",,1,,"['cole', 'lili', 'young', 'falice', '3', '04', 'riverdale']",cole lili young falice 3 04 riverdale
@EmmetNugent95 Yeah hug my falice with your hands,FALSE,en,2,0,2/25/2021 17:48,1.365E+18,"{'neg': 0.0, 'neu': 0.531, 'pos': 0.469, 'compound': 0.6486}",0.5,0.5,,"['yeah', 'hug', 'falice', 'hands']",yeah hug falice hands
Its remind me so much of falice!!! (3√ó03) https://t.co/iQ4IqqnbRY,TRUE,en,7,2,2/25/2021 14:09,1.36494E+18,"{'neg': 0.0, 'neu': 1.0, 'pos': 0.0, 'compound': 0.0}",0.5,0.5,,"['remind', 'much', 'falice', '3', '03']",remind much falice 3 03
I‚Äôm sorry but Alice Cooper is a queenüòÇ this will forever be my favourite quote of @CW_Riverdale @madchenamick  #AliceCooper #riverdale #queen #AliceSmith #Falice https://t.co/TNHK6Swv7n,FALSE,en,0,0,2/25/2021 13:00,1.36492E+18,"{'neg': 0.05, 'neu': 0.95, 'pos': 0.0, 'compound': -0.0387}",1,,,"['sorry', 'alice', 'cooper', 'queen', 'forever', 'favourite', 'quote', 'alicecooper', 'riverdale', 'queen', 'alicesmith', 'falice']",sorry alice cooper queen forever favourite quote alicecooper riverdale queen alicesmith falice
@the_falice @1Dtommoway13 @madchenamick @CW_Riverdale Pollys or that girl who left Riverdale.. most probably the second...,FALSE,en,1,0,2/25/2021 11:21,1.3649E+18,"{'neg': 0.0, 'neu': 1.0, 'pos': 0.0, 'compound': 0.0}",,1,,"['pollys', 'girl', 'left', 'riverdale', 'probably', 'second']",pollys girl left riverdale probably second
RT @peoplewsmiles: Niall Horan https://t.co/RN1OFKj8JO,FALSE,en,0,2777,2/25/2021 11:15,1.3649E+18,"{'neg': 0.0, 'neu': 1.0, 'pos': 0.0, 'compound': 0.0}",,1,,"['niall', 'horan']",niall horan
@the_falice @falicesushi I AM DYING DNDNWNWNüò≠üò≠üòÇüòÇ,FALSE,en,3,0,2/25/2021 10:50,1.36489E+18,"{'neg': 0.0, 'neu': 1.0, 'pos': 0.0, 'compound': 0.0}",,1,,"['dying', 'dndnwnwn']",dying dndnwnwn
@CW_Riverdale If it‚Äôs not FALICE... I don‚Äôt want it,FALSE,en,0,0,2/25/2021 9:22,1.36487E+18,"{'neg': 0.149, 'neu': 0.851, 'pos': 0.0, 'compound': -0.0572}",0.75,,0.25,"['falice', 'want']",falice want
soulmate au fanfics always hit harder for me why has no one written one for falice yet‚òπÔ∏è,FALSE,en,7,0,2/25/2021 9:20,1.36487E+18,"{'neg': 0.104, 'neu': 0.711, 'pos': 0.185, 'compound': 0.4019}",,1,,"['soulmate', 'au', 'fanfics', 'always', 'hit', 'harder', 'one', 'written', 'one', 'falice', 'yet']",soulmate au fanfics always hit harder one written one falice yet
@ALlCEJONES What did it say?,FALSE,en,0,0,2/25/2021 4:57,1.3648E+18,"{'neg': 0.0, 'neu': 1.0, 'pos': 0.0, 'compound': 0.0}",,1,,['say'],say
RT @amickpics: LET ALICE BE HAPPY WITH ALL OF HER CHILDREN https://t.co/U3okW2mue3,FALSE,en,0,6,2/25/2021 4:57,1.3648E+18,"{'neg': 0.0, 'neu': 0.713, 'pos': 0.287, 'compound': 0.6633}",0.75,,0.25,"['let', 'alice', 'happy', 'children']",let alice happy children
@rustyxfawkes HUGE FALICE IN BETWEEN MY LEGS,FALSE,en,0,0,2/25/2021 4:40,1.3648E+18,"{'neg': 0.0, 'neu': 0.664, 'pos': 0.336, 'compound': 0.4648}",,1,,"['huge', 'falice', 'legs']",huge falice legs
@chlosbughugs of watching  that jughead is not going wait for her for rest of his life  and that  what happen with falice isn't guarantee for her and jughead,FALSE,en,0,0,2/25/2021 4:03,1.36479E+18,"{'neg': 0.061, 'neu': 0.939, 'pos': 0.0, 'compound': -0.1877}",,1,,"['watching', 'jughead', 'going', 'wait', 'rest', 'life', 'happen', 'falice', 'guarantee', 'jughead']",watching jughead going wait rest life happen falice guarantee jughead
@Recap_Rewind @RiverdaleWriter Wrong blonde...üëÄüò≥,FALSE,en,1,0,2/25/2021 2:25,1.36476E+18,"{'neg': 0.508, 'neu': 0.492, 'pos': 0.0, 'compound': -0.4767}",,1,,"['wrong', 'blonde']",wrong blonde
I‚Äôm sorry....I don‚Äôt think Alice was in archies bed you‚Äôve got the wrong blonde.üò≠üòÇ https://t.co/SRS9y0ayt5,FALSE,en,8,3,2/25/2021 2:25,1.36476E+18,"{'neg': 0.181, 'neu': 0.819, 'pos': 0.0, 'compound': -0.4767}",,0.9,0.1,"['sorry', 'think', 'alice', 'archies', 'bed', 'got', 'wrong', 'blonde']",sorry think alice archies bed got wrong blonde
@fpandalice Why were they matching?üëÄ,FALSE,en,2,0,2/25/2021 2:22,1.36476E+18,"{'neg': 0.0, 'neu': 1.0, 'pos': 0.0, 'compound': 0.0}",,1,,['matching'],matching
@the_falice @RiverdaleWriter She was happy in Archie‚Äôs bed ü§§,FALSE,en,1,0,2/25/2021 2:20,1.36476E+18,"{'neg': 0.0, 'neu': 0.654, 'pos': 0.346, 'compound': 0.5719}",,1,,"['happy', 'archie', 'bed']",happy archie bed
RT @MadchenZone: Bring my babies back togetherüò≠ #Falice #Riverdale https://t.co/jjrFSwtadf,FALSE,en,0,2,2/25/2021 2:13,1.36476E+18,"{'neg': 0.0, 'neu': 1.0, 'pos': 0.0, 'compound': 0.0}",0.5,0.4,0.1,"['bring', 'babies', 'back', 'together', 'falice', 'riverdale']",bring babies back together falice riverdale
Bring my babies back togetherüò≠ #Falice #Riverdale https://t.co/jjrFSwtadf,FALSE,en,5,2,2/25/2021 2:13,1.36476E+18,"{'neg': 0.0, 'neu': 1.0, 'pos': 0.0, 'compound': 0.0}",0.5,0.4,0.1,"['bring', 'babies', 'back', 'together', 'falice', 'riverdale']",bring babies back together falice riverdale
RT @MadchenZone: We all know Alice needs to find happiness. And we all know who can make that happen again. #Riverdale #Falice,FALSE,en,0,1,2/25/2021 2:10,1.36476E+18,"{'neg': 0.0, 'neu': 0.854, 'pos': 0.146, 'compound': 0.5574}",0.9,,0.1,"['know', 'alice', 'needs', 'find', 'happiness', 'know', 'make', 'happen', 'riverdale', 'falice']",know alice needs find happiness know make happen riverdale falice
We all know Alice needs to find happiness. And we all know who can make that happen again. #Riverdale #Falice,FALSE,en,5,1,2/25/2021 2:08,1.36476E+18,"{'neg': 0.0, 'neu': 0.841, 'pos': 0.159, 'compound': 0.5574}",0.9,,0.1,"['know', 'alice', 'needs', 'find', 'happiness', 'know', 'make', 'happen', 'riverdale', 'falice']",know alice needs find happiness know make happen riverdale falice
@RiverdaleWriter If y‚Äôall do not stop hurting my poor baby!ü•∫ let her be happy for 5 minutes plz!,FALSE,en,6,0,2/25/2021 2:07,1.36476E+18,"{'neg': 0.125, 'neu': 0.483, 'pos': 0.392, 'compound': 0.6838}",,0.5,0.5,"['stop', 'hurting', 'poor', 'baby', 'let', 'happy', '5', 'minutes', 'plz']",stop hurting poor baby let happy 5 minutes plz
RT @reinhartsdivine: be young falice again please https://t.co/J9yGtFqWUn,FALSE,en,0,24,2/25/2021 1:39,1.36475E+18,"{'neg': 0.0, 'neu': 0.753, 'pos': 0.247, 'compound': 0.3182}",0.5,0.5,,"['young', 'falice', 'please']",young falice please
Me after watching the falice kiss scene for the millionth time https://t.co/tsJJQyylNl,FALSE,en,10,4,2/25/2021 1:39,1.36475E+18,"{'neg': 0.0, 'neu': 0.797, 'pos': 0.203, 'compound': 0.4215}",1,,,"['watching', 'falice', 'kiss', 'scene', 'millionth', 'time']",watching falice kiss scene millionth time
RT @DFinley22: @CWRiverdaleNew We all miss #Falice #Riverdale https://t.co/nQIpkGkXwM,FALSE,en,0,2,2/25/2021 1:32,1.36475E+18,"{'neg': 0.167, 'neu': 0.833, 'pos': 0.0, 'compound': -0.1531}",0.5,0.5,,"['miss', 'falice', 'riverdale']",miss falice riverdale
Also this was me watching falice‚Äôs last scene https://t.co/BXMIveYtin,TRUE,en,8,0,2/25/2021 1:25,1.36475E+18,"{'neg': 0.0, 'neu': 1.0, 'pos': 0.0, 'compound': 0.0}",,1,,"['also', 'watching', 'falice', 'last', 'scene']",also watching falice last scene
@madchenamick Happy twin peaks day ‚ù§Ô∏è‚ù§Ô∏è‚ù§Ô∏è‚ú®,FALSE,en,0,0,2/25/2021 0:16,1.36473E+18,"{'neg': 0.0, 'neu': 0.575, 'pos': 0.425, 'compound': 0.5719}",0.5,0.5,,"['happy', 'twin', 'peaks', 'day']",happy twin peaks day
"RT @AMlCKS: some of y‚Äôall...... no one is going to say you‚Äôre any less of a stan for not watching s5 because falice aren‚Äôt in it, but makin‚Ä¶",FALSE,en,0,13,2/24/2021 23:48,1.36472E+18,"{'neg': 0.058, 'neu': 0.942, 'pos': 0.0, 'compound': -0.1531}",0.5,0.4,0.1,"['one', 'going', 'say', 'less', 'stan', 'watching', 's5', 'falice', 'makin']",one going say less stan watching s5 falice makin
@MadchenZone Right,FALSE,en,1,0,2/24/2021 22:02,1.3647E+18,"{'neg': 0.0, 'neu': 1.0, 'pos': 0.0, 'compound': 0.0}",,1,,['right'],right
RT @falicesushi: hi @madchenamick since ur online pls describe us the journey of falice in 1 sentence,FALSE,en,0,2,2/24/2021 21:57,1.3647E+18,"{'neg': 0.0, 'neu': 0.843, 'pos': 0.157, 'compound': 0.1531}",,1,,"['hi', 'since', 'ur', 'online', 'pls', 'describe', 'us', 'journey', 'falice', '1', 'sentence']",hi since ur online pls describe us journey falice 1 sentence
"Happy #TwinPeaksDay ‚ú®‚ù§Ô∏è
@madchenamick https://t.co/zfhAiZ0kYD",FALSE,en,2,0,2/24/2021 21:52,1.36469E+18,"{'neg': 0.0, 'neu': 0.519, 'pos': 0.481, 'compound': 0.5719}",,1,,"['happy', 'twinpeaksday']",happy twinpeaksday
RT @delicatefalice: @RiverdaleWriter falice‚Äôs shower scene they wanted when?,FALSE,en,0,1,2/24/2021 21:52,1.36469E+18,"{'neg': 0.0, 'neu': 1.0, 'pos': 0.0, 'compound': 0.0}",0.75,0.25,,"['falice', 'shower', 'scene', 'wanted']",falice shower scene wanted
@madchenamick @CW_Riverdale Who‚Äôs Alice on the phone with? MAYBE calling pollys phone ?? Ugh this is all to much üò©,FALSE,en,4,0,2/24/2021 21:49,1.36469E+18,"{'neg': 0.157, 'neu': 0.843, 'pos': 0.0, 'compound': -0.5171}",,0.8,0.2,"['alice', 'phone', 'maybe', 'calling', 'pollys', 'phone', 'ugh', 'much']",alice phone maybe calling pollys phone ugh much
@1Dtommoway13 @madchenamick @CW_Riverdale That‚Äôs a freaking hand,FALSE,en,9,0,2/24/2021 21:48,1.36469E+18,"{'neg': 0.28, 'neu': 0.4, 'pos': 0.32, 'compound': 0.1027}",,1,,"['freaking', 'hand']",freaking hand
@madchenamick @CW_Riverdale That‚Äôs a hand!!!!üò≥,FALSE,en,2,0,2/24/2021 21:48,1.36469E+18,"{'neg': 0.0, 'neu': 1.0, 'pos': 0.0, 'compound': 0.0}",,1,,['hand'],hand
hi @madchenamick since ur online pls describe us the journey of falice in 1 sentence,FALSE,en,12,2,2/24/2021 21:46,1.36469E+18,"{'neg': 0.0, 'neu': 0.822, 'pos': 0.178, 'compound': 0.1531}",,1,,"['hi', 'since', 'ur', 'online', 'pls', 'describe', 'us', 'journey', 'falice', '1', 'sentence']",hi since ur online pls describe us journey falice 1 sentence
@madchenamick @Kyle_MacLachlan I want someüòÇ‚ù§Ô∏è,FALSE,en,0,0,2/24/2021 21:43,1.36469E+18,"{'neg': 0.0, 'neu': 0.698, 'pos': 0.302, 'compound': 0.0772}",,1,,['want'],want
"RT @fran_topaz: Honestly. As long as Choni &amp; Falice are endgame, I could care less about what happens with Betty, Jughead, Archie or Veroni‚Ä¶",FALSE,en,0,1,2/24/2021 21:41,1.36469E+18,"{'neg': 0.0, 'neu': 0.772, 'pos': 0.228, 'compound': 0.7351}",0.8,,0.2,"['honestly', 'long', 'choni', 'amp', 'falice', 'endgame', 'could', 'care', 'less', 'happens', 'betty', 'jughead', 'archie', 'veroni']",honestly long choni amp falice endgame could care less happens betty jughead archie veroni
RT @MADSBIAN: if this is an alice centric i want to see m√§dchen get screentime and not lili,FALSE,en,0,4,2/24/2021 21:21,1.36469E+18,"{'neg': 0.0, 'neu': 0.925, 'pos': 0.075, 'compound': 0.0772}",,1,,"['alice', 'centric', 'want', 'see', 'dchen', 'get', 'screentime', 'lili']",alice centric want see dchen get screentime lili
@CWRiverdaleNew We also miss them a lot #Falice ü•∞ü•∫,FALSE,en,3,0,2/24/2021 21:08,1.36468E+18,"{'neg': 0.186, 'neu': 0.814, 'pos': 0.0, 'compound': -0.1531}",0.3,0.7,,"['also', 'miss', 'lot', 'falice']",also miss lot falice
"RT @medicaldoctxr: SO TRUEü§ßü§ß falice isn‚Äôt over, it‚Äôs just the beginningüòå",TRUE,en,0,1,2/24/2021 21:07,1.36468E+18,"{'neg': 0.0, 'neu': 1.0, 'pos': 0.0, 'compound': 0.0}",1,,,"['true', 'falice', 'beginning']",true falice beginning
@CWRiverdaleNew We all miss #Falice #Riverdale https://t.co/nQIpkGkXwM,FALSE,en,33,2,2/24/2021 21:06,1.36468E+18,"{'neg': 0.211, 'neu': 0.789, 'pos': 0.0, 'compound': -0.1531}",0.5,0.5,,"['miss', 'falice', 'riverdale']",miss falice riverdale
@CWRiverdaleNew We miss falice too! ü•∫ü•∫‚ô•Ô∏è,FALSE,en,2,0,2/24/2021 21:05,1.36468E+18,"{'neg': 0.275, 'neu': 0.725, 'pos': 0.0, 'compound': -0.2244}",0.5,0.5,,"['miss', 'falice']",miss falice
"We have something to tell you: we miss #Falice, we loved posted about them. ‚ù§Ô∏è",FALSE,en,480,25,2/24/2021 21:04,1.36468E+18,"{'neg': 0.086, 'neu': 0.703, 'pos': 0.211, 'compound': 0.5106}",0.5,0.5,,"['something', 'tell', 'miss', 'falice', 'loved', 'posted']",something tell miss falice loved posted
"RT @barchie_gifs: Riverdales best &amp; most iconic kisses
[4.17 - 2.17 - 5.03 - 3.09]
@WriterRAS @RiverdaleWriter 
#Barchie #Choni #Falice #Ve‚Ä¶",FALSE,en,0,57,2/24/2021 20:41,1.36468E+18,"{'neg': 0.0, 'neu': 0.673, 'pos': 0.327, 'compound': 0.8307}",,1,,"['riverdales', 'best', 'amp', 'iconic', 'kisses', '4', '17', '2', '17', '5', '03', '3', '09', 'barchie', 'choni', 'falice']",riverdales best amp iconic kisses 4 17 2 17 5 03 3 09 barchie choni falice
"Honestly. As long as Choni &amp; Falice are endgame, I could care less about what happens with Betty, Jughead, Archie or Veronica",FALSE,en,8,1,2/24/2021 20:33,1.36467E+18,"{'neg': 0.0, 'neu': 0.754, 'pos': 0.246, 'compound': 0.7351}",0.8,,0.2,"['honestly', 'long', 'choni', 'amp', 'falice', 'endgame', 'could', 'care', 'less', 'happens', 'betty', 'jughead', 'archie', 'veronica']",honestly long choni amp falice endgame could care less happens betty jughead archie veronica
And this is why I‚Äôm only a Choni &amp; Falice shipper,FALSE,en,4,0,2/24/2021 20:32,1.36467E+18,"{'neg': 0.0, 'neu': 1.0, 'pos': 0.0, 'compound': 0.0}",0.2,0.8,,"['choni', 'amp', 'falice', 'shipper']",choni amp falice shipper
"SO TRUEü§ßü§ß falice isn‚Äôt over, it‚Äôs just the beginningüòå https://t.co/EXIOvCnKQ1",TRUE,en,19,1,2/24/2021 20:31,1.36467E+18,"{'neg': 0.0, 'neu': 1.0, 'pos': 0.0, 'compound': 0.0}",0.5,0.5,,"['true', 'falice', 'beginning']",true falice beginning
Faliceüò≠,FALSE,en,0,0,2/24/2021 20:18,1.36467E+18,"{'neg': 0.0, 'neu': 1.0, 'pos': 0.0, 'compound': 0.0}",,1,,['falice'],falice
@blairsevermore honestly i‚Äôm neither the only rvd couple i really cared about were falice,FALSE,en,1,0,2/24/2021 19:40,1.36466E+18,"{'neg': 0.0, 'neu': 0.644, 'pos': 0.356, 'compound': 0.7264}",0.5,0.5,,"['honestly', 'neither', 'rvd', 'couple', 'really', 'cared', 'falice']",honestly neither rvd couple really cared falice
@juqheadjonez Young falice is close enough to bughead ig,FALSE,en,2,0,2/24/2021 17:02,1.36462E+18,"{'neg': 0.0, 'neu': 1.0, 'pos': 0.0, 'compound': 0.0}",,1,,"['young', 'falice', 'close', 'enough', 'bughead', 'ig']",young falice close enough bughead ig
RT @ALlCEJONES: wish the alice/falice antis that are hyping young alice/falice a very d!‚Ç¨,FALSE,en,0,1,2/24/2021 13:04,1.36456E+18,"{'neg': 0.0, 'neu': 0.8, 'pos': 0.2, 'compound': 0.4574}",,1,,"['wish', 'alice', 'falice', 'antis', 'hyping', 'young', 'alice', 'falice']",wish alice falice antis hyping young alice falice
"@buvghead now that you say so, bettys probably going undercover and no flashback episode or young falice scenesüòï",FALSE,en,0,0,2/24/2021 12:21,1.36455E+18,"{'neg': 0.115, 'neu': 0.885, 'pos': 0.0, 'compound': -0.296}",,1,,"['say', 'bettys', 'probably', 'going', 'undercover', 'flashback', 'episode', 'young', 'falice', 'scenes']",say bettys probably going undercover flashback episode young falice scenes
wish the alice/falice antis that are hyping young alice/falice a very d!‚Ç¨,FALSE,en,23,1,2/24/2021 11:41,1.36454E+18,"{'neg': 0.0, 'neu': 0.77, 'pos': 0.23, 'compound': 0.4574}",,1,,"['wish', 'alice', 'falice', 'antis', 'hyping', 'young', 'alice', 'falice']",wish alice falice antis hyping young alice falice
"RT @karyv_mp: Am I excited for the posible episode based on Alice? Yes of course, but at the same time if there‚Äôs some ‚Äúyoung Falice‚Äù there‚Ä¶",FALSE,en,0,3,2/24/2021 10:29,1.36452E+18,"{'neg': 0.0, 'neu': 0.866, 'pos': 0.134, 'compound': 0.3716}",0.5,0.5,,"['excited', 'posible', 'episode', 'based', 'alice', 'yes', 'course', 'time', 'young', 'falice']",excited posible episode based alice yes course time young falice
"IF ITS LILI AND COLE PLAYING ALICE AND FP IS TECHNICALLY STILL COUNTS AS FALICE SO WE WILL HAVE FALICE AFTER THE TIME JUMP. suck it bishes (not u @juqheadjonez, ily)

#Riverdale https://t.co/foWqrEheES",TRUE,en,1,0,2/24/2021 9:01,1.3645E+18,"{'neg': 0.082, 'neu': 0.847, 'pos': 0.071, 'compound': -0.0943}",0.5,0.5,,"['lili', 'cole', 'playing', 'alice', 'fp', 'technically', 'still', 'counts', 'falice', 'falice', 'time', 'jump', 'suck', 'bishes', 'u', 'ily', 'riverdale']",lili cole playing alice fp technically still counts falice falice time jump suck bishes u ily riverdale
RT @falicehappiness: @CW_Riverdale Release the Falice deleted scenes thanks,FALSE,en,0,1,2/24/2021 6:20,1.36446E+18,"{'neg': 0.0, 'neu': 0.734, 'pos': 0.266, 'compound': 0.4404}",0.5,0.5,,"['release', 'falice', 'deleted', 'scenes', 'thanks']",release falice deleted scenes thanks
be young falice again please https://t.co/J9yGtFqWUn,FALSE,en,174,24,2/24/2021 4:35,1.36443E+18,"{'neg': 0.0, 'neu': 0.685, 'pos': 0.315, 'compound': 0.3182}",0.5,0.5,,"['young', 'falice', 'please']",young falice please
/ um we‚Äôre gonna ignore my falice sticker &amp; quarantine nails. https://t.co/VGt7NsvSeS,FALSE,en,1,0,2/24/2021 3:19,1.36441E+18,"{'neg': 0.2, 'neu': 0.8, 'pos': 0.0, 'compound': -0.3612}",,1,,"['um', 'gonna', 'ignore', 'falice', 'sticker', 'amp', 'quarantine', 'nails']",um gonna ignore falice sticker amp quarantine nails
Happy I finished 4 chapters of my falice fic,FALSE,en,3,0,2/24/2021 2:40,1.3644E+18,"{'neg': 0.0, 'neu': 0.619, 'pos': 0.381, 'compound': 0.5719}",1,,,"['happy', 'finished', '4', 'chapters', 'falice', 'fic']",happy finished 4 chapters falice fic
"Am I excited for the posible episode based on Alice? Yes of course, but at the same time if there‚Äôs some ‚Äúyoung Falice‚Äù there it will be with Lili and Cole and honestly I don‚Äôt want to see that, I hope it‚Äôs more about her as a young adult or something that we don‚Äôt know about...",FALSE,en,25,3,2/24/2021 2:19,1.3644E+18,"{'neg': 0.0, 'neu': 0.785, 'pos': 0.215, 'compound': 0.8968}",0.5,,0.5,"['excited', 'posible', 'episode', 'based', 'alice', 'yes', 'course', 'time', 'young', 'falice', 'lili', 'cole', 'honestly', 'want', 'see', 'hope', 'young', 'adult', 'something', 'know']",excited posible episode based alice yes course time young falice lili cole honestly want see hope young adult something know
Ready for part 2 of the only falice I‚Äôll ever be good with ‚ò∫Ô∏èüòè https://t.co/hPouav3Jwg,FALSE,en,11,0,2/24/2021 2:14,1.3644E+18,"{'neg': 0.0, 'neu': 0.69, 'pos': 0.31, 'compound': 0.6597}",0.3,0.7,,"['ready', 'part', '2', 'falice', 'ever', 'good']",ready part 2 falice ever good
@milfyswift This is new..üôÉthe fact that if skeet wasn‚Äôt leaving the show I doubt that would have even happened...but yea ok üëçüèΩ üòä,FALSE,en,0,0,2/24/2021 0:45,1.36438E+18,"{'neg': 0.105, 'neu': 0.802, 'pos': 0.093, 'compound': -0.0772}",,0.8,0.2,"['new', 'fact', 'skeet', 'leaving', 'show', 'doubt', 'would', 'even', 'happened', 'yea', 'ok']",new fact skeet leaving show doubt would even happened yea ok
Falice song ü•∫ https://t.co/klDFjf76un,FALSE,en,1,0,2/24/2021 0:30,1.36437E+18,"{'neg': 0.0, 'neu': 1.0, 'pos': 0.0, 'compound': 0.0}",,1,,"['falice', 'song']",falice song
"WOW WOW WOW! I have no words. This was beautiful and heartbreaking. Eveything that happened in this one shot is now my version of young falice. An absolute masterpiece of written work, so so talented! If you haven‚Äôt read this go and read it. Unbelievable üíú https://t.co/5K2KyGoZPh",TRUE,en,4,0,2/23/2021 23:40,1.36436E+18,"{'neg': 0.075, 'neu': 0.516, 'pos': 0.41, 'compound': 0.9785}",1,,,"['wow', 'wow', 'wow', 'words', 'beautiful', 'heartbreaking', 'eveything', 'happened', 'one', 'shot', 'version', 'young', 'falice', 'absolute', 'masterpiece', 'written', 'work', 'talented', 'read', 'go', 'read', 'unbelievable']",wow wow wow words beautiful heartbreaking eveything happened one shot version young falice absolute masterpiece written work talented read go read unbelievable
"@augustbarchie let‚Äôs be honest, barchie is just like falice. couldn‚Äôt be together in high school, end up getting together once they‚Äôre older....BUT I actually hope barchie stays together and live a happy life with a happy family ‚ô•Ô∏è",FALSE,en,0,0,2/23/2021 23:32,1.36436E+18,"{'neg': 0.0, 'neu': 0.651, 'pos': 0.349, 'compound': 0.9442}",0.5,0.5,,"['let', 'honest', 'barchie', 'like', 'falice', 'together', 'high', 'school', 'end', 'getting', 'together', 'older', 'actually', 'hope', 'barchie', 'stays', 'together', 'live', 'happy', 'life', 'happy', 'family']",let honest barchie like falice together high school end getting together older actually hope barchie stays together live happy life happy family
@samantha_167 yeah i did! it was quite moving and a very refreshing take on teen falice,FALSE,en,0,0,2/23/2021 21:32,1.36433E+18,"{'neg': 0.0, 'neu': 0.839, 'pos': 0.161, 'compound': 0.3595}",0.2,0.8,,"['yeah', 'quite', 'moving', 'refreshing', 'take', 'teen', 'falice']",yeah quite moving refreshing take teen falice
RT @madsboutmadchen: thread of my favorite falice stories/one shots,FALSE,en,0,5,2/23/2021 21:01,1.36432E+18,"{'neg': 0.0, 'neu': 0.727, 'pos': 0.273, 'compound': 0.4588}",0.2,0.8,,"['thread', 'favorite', 'falice', 'stories', 'one', 'shots']",thread favorite falice stories one shots
I don‚Äôt like falice.... https://t.co/ByiISQgLOJ,TRUE,en,3,0,2/23/2021 19:48,1.3643E+18,"{'neg': 0.0, 'neu': 0.545, 'pos': 0.455, 'compound': 0.3612}",,0.2,0.8,"['like', 'falice']",like falice
"RT @amicklove: WOWOW THE BAD THING IS I DIDN'T EVEN NOTICE THE FLANNEL AND THE FISH BUR OK. ISN'T THIS A FALICE SIGN?
@madchenamick #falice‚Ä¶",FALSE,en,0,2,2/23/2021 18:15,1.36428E+18,"{'neg': 0.15, 'neu': 0.746, 'pos': 0.104, 'compound': -0.3182}",,1,,"['wowow', 'bad', 'thing', 'even', 'notice', 'flannel', 'fish', 'bur', 'ok', 'falice', 'sign', 'falice']",wowow bad thing even notice flannel fish bur ok falice sign falice
"If Falice would have been endgame, Bu*head would be step siblings and they have a shared brother. How can some people still ship BH. IT IS DISTURBING AND THOSE PEOPLE NEED HELP",FALSE,en,5,0,2/23/2021 17:47,1.36427E+18,"{'neg': 0.107, 'neu': 0.739, 'pos': 0.154, 'compound': 0.2023}",,0.2,0.8,"['falice', 'would', 'endgame', 'bu', 'head', 'would', 'step', 'siblings', 'shared', 'brother', 'people', 'still', 'ship', 'bh', 'disturbing', 'people', 'need', 'help']",falice would endgame bu head would step siblings shared brother people still ship bh disturbing people need help
Hey guys! I‚Äôm new here and I love Riverdale and especially falice‚ú®,FALSE,en,0,0,2/23/2021 17:35,1.36427E+18,"{'neg': 0.0, 'neu': 0.69, 'pos': 0.31, 'compound': 0.6696}",1,,,"['hey', 'guys', 'new', 'love', 'riverdale', 'especially', 'falice']",hey guys new love riverdale especially falice
"here we go. I was on tiktok and suddenly I got a video from a Falice fan account, she's Russian. what caught my attention was the little comment, where they called Skeet a womanizer for the simple fact of dating Lucy, what the hell?",FALSE,en,1,0,2/23/2021 16:28,1.36425E+18,"{'neg': 0.105, 'neu': 0.843, 'pos': 0.052, 'compound': -0.5106}",,0.5,0.5,"['go', 'tiktok', 'suddenly', 'got', 'video', 'falice', 'fan', 'account', 'russian', 'caught', 'attention', 'little', 'comment', 'called', 'skeet', 'womanizer', 'simple', 'fact', 'dating', 'lucy', 'hell']",go tiktok suddenly got video falice fan account russian caught attention little comment called skeet womanizer simple fact dating lucy hell
ITS BEEN EXACTLY A YEAR SINCE WE FOUND OUT #fpjones WAS LEAVING #riverdale AND THERE WASNT GONNA BE FALICE ANYMOREüòê,FALSE,en,0,0,2/23/2021 12:48,1.3642E+18,"{'neg': 0.0, 'neu': 1.0, 'pos': 0.0, 'compound': 0.0}",,0.5,0.5,"['exactly', 'year', 'since', 'found', 'fpjones', 'leaving', 'riverdale', 'wasnt', 'gonna', 'falice', 'anymore']",exactly year since found fpjones leaving riverdale wasnt gonna falice anymore
"Number 9 - Falice (0.8%, 4 votes) https://t.co/njJWUDpHhU",FALSE,en,0,0,2/23/2021 11:45,1.36418E+18,"{'neg': 0.0, 'neu': 0.755, 'pos': 0.245, 'compound': 0.0772}",,1,,"['number', '9', 'falice', '0', '8', '4', 'votes']",number 9 falice 0 8 4 votes
falice breakdown is pending,FALSE,en,0,0,2/23/2021 8:41,1.36413E+18,"{'neg': 0.0, 'neu': 1.0, 'pos': 0.0, 'compound': 0.0}",,1,,"['falice', 'breakdown', 'pending']",falice breakdown pending
@barcheated @dylsbrien Why you surprised?! I loved Falice before Barchie üëÄ,FALSE,en,0,0,2/23/2021 3:10,1.36405E+18,"{'neg': 0.0, 'neu': 0.656, 'pos': 0.344, 'compound': 0.636}",1,,,"['surprised', 'loved', 'falice', 'barchie']",surprised loved falice barchie
"RT @deIenasx: üèÜ#RIVERDALE BEST SHIP üèÜ
          vote for ur faves ü•∞

https://t.co/LtcMKlSWod

#varchie #bughead #choni #beronica #archosie‚Ä¶",FALSE,en,0,4,2/23/2021 2:46,1.36404E+18,"{'neg': 0.0, 'neu': 0.739, 'pos': 0.261, 'compound': 0.7125}",1,,,"['riverdale', 'best', 'ship', 'vote', 'ur', 'faves', 'varchie', 'bughead', 'choni', 'beronica', 'archosie']",riverdale best ship vote ur faves varchie bughead choni beronica archosie
"RT @samantha_167: Okay Falice/Alice stans, my newest oneshot Baby Blue is finally coming tomorrow! 
But until then, here‚Äôs the cover art an‚Ä¶",FALSE,en,0,1,2/23/2021 2:35,1.36404E+18,"{'neg': 0.0, 'neu': 0.905, 'pos': 0.095, 'compound': 0.2942}",1,,,"['okay', 'falice', 'alice', 'stans', 'newest', 'oneshot', 'baby', 'blue', 'finally', 'coming', 'tomorrow', 'cover', 'art']",okay falice alice stans newest oneshot baby blue finally coming tomorrow cover art
"RT @deIenasx: üèÜ#RIVERDALE BEST SHIP üèÜ
          vote for ur faves ü•∞

https://t.co/9YgxiJZcCx

#varchie #bughead #choni #beronica #archosie‚Ä¶",TRUE,en,0,1,2/23/2021 2:17,1.36404E+18,"{'neg': 0.0, 'neu': 0.739, 'pos': 0.261, 'compound': 0.7125}",1,,,"['riverdale', 'best', 'ship', 'vote', 'ur', 'faves', 'varchie', 'bughead', 'choni', 'beronica', 'archosie']",riverdale best ship vote ur faves varchie bughead choni beronica archosie
"üèÜ#RIVERDALE BEST SHIP üèÜ
          vote for ur faves ü•∞

https://t.co/9YgxiJZcCx

#varchie #bughead #choni #beronica #archosie #barchie #falice #mevin #kangs #cheronica #veggies 

*just to be clear again, tomorrow I will post both sets of results - one from the voting which https://t.co/1kQB1r3t6M",TRUE,en,4,1,2/23/2021 2:07,1.36403E+18,"{'neg': 0.0, 'neu': 0.823, 'pos': 0.177, 'compound': 0.8192}",1,,,"['riverdale', 'best', 'ship', 'vote', 'ur', 'faves', 'varchie', 'bughead', 'choni', 'beronica', 'archosie', 'barchie', 'falice', 'mevin', 'kangs', 'cheronica', 'veggies', 'clear', 'tomorrow', 'post', 'sets', 'results', 'one', 'voting']",riverdale best ship vote ur faves varchie bughead choni beronica archosie barchie falice mevin kangs cheronica veggies clear tomorrow post sets results one voting
"stevenat, falice, &amp; oq nation :) https://t.co/CVZOi2LzfD",TRUE,en,0,0,2/23/2021 1:54,1.36403E+18,"{'neg': 0.0, 'neu': 0.667, 'pos': 0.333, 'compound': 0.4588}",,1,,"['stevenat', 'falice', 'amp', 'oq', 'nation']",stevenat falice amp oq nation
"üèÜ#RIVERDALE BEST SHIP üèÜ
          vote for ur faves ü•∞

https://t.co/LtcMKlSWod

#varchie #bughead #choni #beronica #archosie #barchie #falice #mevin #kangs #cheronica #veggie

Ps. I'm creating another one where you can only vote once with your account and we'll compare https://t.co/zehlFUdYPf",FALSE,en,11,4,2/23/2021 1:47,1.36403E+18,"{'neg': 0.0, 'neu': 0.831, 'pos': 0.169, 'compound': 0.7983}",1,,,"['riverdale', 'best', 'ship', 'vote', 'ur', 'faves', 'varchie', 'bughead', 'choni', 'beronica', 'archosie', 'barchie', 'falice', 'mevin', 'kangs', 'cheronica', 'veggie', 'ps', 'creating', 'another', 'one', 'vote', 'account', 'compare']",riverdale best ship vote ur faves varchie bughead choni beronica archosie barchie falice mevin kangs cheronica veggie ps creating another one vote account compare
"how will falice affect the bughead relationship? 

m√§dchen: It does not! They're not blood! they're the original Bughead just get over it.""

YES MA'AM M√ÑDCHEN! üôåüèª

 https://t.co/wqujlqHkoZ",FALSE,en,1,0,2/23/2021 1:20,1.36402E+18,"{'neg': 0.0, 'neu': 0.791, 'pos': 0.209, 'compound': 0.7656}",,1,,"['falice', 'affect', 'bughead', 'relationship', 'dchen', 'blood', 'original', 'bughead', 'get', 'yes', 'dchen']",falice affect bughead relationship dchen blood original bughead get yes dchen
"RT @deIenasx: üèÜ RIVERDALE BEST SHIP üèÜ
          vote for ur faves ü•∞

https://t.co/YxWUhUOWLD

#riverdale #varchie #bughead #choni #beronica‚Ä¶",FALSE,en,0,2,2/23/2021 0:51,1.36402E+18,"{'neg': 0.0, 'neu': 0.739, 'pos': 0.261, 'compound': 0.7125}",1,,,"['riverdale', 'best', 'ship', 'vote', 'ur', 'faves', 'riverdale', 'varchie', 'bughead', 'choni', 'beronica']",riverdale best ship vote ur faves riverdale varchie bughead choni beronica
"üèÜ RIVERDALE BEST SHIP üèÜ
          vote for ur faves ü•∞

https://t.co/YxWUhUOWLD

#riverdale #varchie #bughead #choni #beronica #archosie #barchie #falice #mevin #kangs #cheronica #veggie https://t.co/mW2oUtMXJg",FALSE,en,12,2,2/23/2021 0:32,1.36401E+18,"{'neg': 0.0, 'neu': 0.802, 'pos': 0.198, 'compound': 0.7125}",1,,,"['riverdale', 'best', 'ship', 'vote', 'ur', 'faves', 'riverdale', 'varchie', 'bughead', 'choni', 'beronica', 'archosie', 'barchie', 'falice', 'mevin', 'kangs', 'cheronica', 'veggie']",riverdale best ship vote ur faves riverdale varchie bughead choni beronica archosie barchie falice mevin kangs cheronica veggie
"RT @deIenasx: wait I wanna do this too I‚Äôm bored üôéüèº‚Äç‚ôÄÔ∏è

Vote: #Riverdale Best Ships* 
Time: 2 hours, 1:35 AM here (unless I fall asleep the‚Ä¶",FALSE,en,0,2,2/23/2021 0:31,1.36401E+18,"{'neg': 0.077, 'neu': 0.769, 'pos': 0.154, 'compound': 0.4767}",,1,,"['wait', 'wanna', 'bored', 'vote', 'riverdale', 'best', 'ships', 'time', '2', 'hours', '1', '35', 'unless', 'fall', 'asleep']",wait wanna bored vote riverdale best ships time 2 hours 1 35 unless fall asleep
"RT @deIenasx: üèÜ RIVERDALE BEST SHIP üèÜ
          vote for ur faves ü•∞

#riverdale #varchie #bughead #choni #beronica #archosie #barchie #fali‚Ä¶",TRUE,en,0,1,2/22/2021 23:59,1.364E+18,"{'neg': 0.0, 'neu': 0.764, 'pos': 0.236, 'compound': 0.7125}",1,,,"['riverdale', 'best', 'ship', 'vote', 'ur', 'faves', 'riverdale', 'varchie', 'bughead', 'choni', 'beronica', 'archosie', 'barchie', 'fali']",riverdale best ship vote ur faves riverdale varchie bughead choni beronica archosie barchie fali
"Okay Falice/Alice stans, my newest oneshot Baby Blue is finally coming tomorrow! 
But until then, here‚Äôs the cover art and here is the song that it‚Äôs named after: https://t.co/yUmrIEYAcm https://t.co/Tol4oqtnUi",FALSE,en,15,1,2/22/2021 23:46,1.364E+18,"{'neg': 0.0, 'neu': 0.93, 'pos': 0.07, 'compound': 0.2942}",1,,,"['okay', 'falice', 'alice', 'stans', 'newest', 'oneshot', 'baby', 'blue', 'finally', 'coming', 'tomorrow', 'cover', 'art', 'song', 'named']",okay falice alice stans newest oneshot baby blue finally coming tomorrow cover art song named
"üèÜ RIVERDALE BEST SHIP üèÜ
          vote for ur faves ü•∞

#riverdale #varchie #bughead #choni #beronica #archosie #barchie #falice #mevin #kangs #cheronica https://t.co/LC6cvSQjU3",TRUE,en,5,1,2/22/2021 23:41,1.364E+18,"{'neg': 0.0, 'neu': 0.785, 'pos': 0.215, 'compound': 0.7125}",1,,,"['riverdale', 'best', 'ship', 'vote', 'ur', 'faves', 'riverdale', 'varchie', 'bughead', 'choni', 'beronica', 'archosie', 'barchie', 'falice', 'mevin', 'kangs', 'cheronica']",riverdale best ship vote ur faves riverdale varchie bughead choni beronica archosie barchie falice mevin kangs cheronica
"wait I wanna do this too I‚Äôm bored üôéüèº‚Äç‚ôÄÔ∏è

Vote: #Riverdale Best Ships* 
Time: 2 hours, 1:35 AM here (unless I fall asleep then all night)

#varchie #bughead #choni #beronica #archosie #barchie #falice #mevin #kangs #cheronica 

https://t.co/YxWUhUOWLD",FALSE,en,6,2,2/22/2021 23:34,1.364E+18,"{'neg': 0.055, 'neu': 0.836, 'pos': 0.11, 'compound': 0.4767}",,1,,"['wait', 'wanna', 'bored', 'vote', 'riverdale', 'best', 'ships', 'time', '2', 'hours', '1', '35', 'unless', 'fall', 'asleep', 'night', 'varchie', 'bughead', 'choni', 'beronica', 'archosie', 'barchie', 'falice', 'mevin', 'kangs', 'cheronica']",wait wanna bored vote riverdale best ships time 2 hours 1 35 unless fall asleep night varchie bughead choni beronica archosie barchie falice mevin kangs cheronica
@VARCHIEWHORE @archiercnnie Falice endgame!!!!,FALSE,en,0,0,2/22/2021 22:17,1.36398E+18,"{'neg': 0.0, 'neu': 1.0, 'pos': 0.0, 'compound': 0.0}",1,,,"['falice', 'endgame']",falice endgame
@VARCHIEWHORE @archiercnnie Bro I‚Äôm mad bc me and the falice stans get hate for nothing bc we ship who we ship like I don‚Äôt call varchie sex addicts do I,FALSE,en,1,0,2/22/2021 22:11,1.36397E+18,"{'neg': 0.201, 'neu': 0.727, 'pos': 0.073, 'compound': -0.6597}",,1,,"['bro', 'mad', 'bc', 'falice', 'stans', 'get', 'hate', 'nothing', 'bc', 'ship', 'ship', 'like', 'call', 'varchie', 'sex', 'addicts']",bro mad bc falice stans get hate nothing bc ship ship like call varchie sex addicts
i never cared for riverdale i cared about #falice and #barchie and camilla as a whole lol,FALSE,en,2,0,2/22/2021 21:37,1.36397E+18,"{'neg': 0.253, 'neu': 0.596, 'pos': 0.152, 'compound': -0.2177}",0.2,0.6,0.2,"['never', 'cared', 'riverdale', 'cared', 'falice', 'barchie', 'camilla', 'whole', 'lol']",never cared riverdale cared falice barchie camilla whole lol
"WATCH: Madchen Amick talks Riverdale Time Jump! https://t.co/hboGGk3M6r 

@madchenamick #barchie #falice #riverdale https://t.co/EH5UHmwRpJ",FALSE,en,1,0,2/22/2021 21:12,1.36396E+18,"{'neg': 0.0, 'neu': 1.0, 'pos': 0.0, 'compound': 0.0}",,1,,"['watch', 'madchen', 'amick', 'talks', 'riverdale', 'time', 'jump', 'barchie', 'falice', 'riverdale']",watch madchen amick talks riverdale time jump barchie falice riverdale
this is literally teen falice and alice was the one who hated everyone https://t.co/U2DTbptXCF,TRUE,en,7,0,2/22/2021 20:00,1.36394E+18,"{'neg': 0.244, 'neu': 0.756, 'pos': 0.0, 'compound': -0.6369}",,1,,"['literally', 'teen', 'falice', 'alice', 'one', 'hated', 'everyone']",literally teen falice alice one hated everyone
"@withyoumaguire RIVERDALE:
- Alice, Veronica, Toni
- Falice
- Hiram/ Hermione ( thank God that's over)
- Season 2
- Betty and Veronica
- Season 4
- Hiram
- 9.5 rating",FALSE,en,0,0,2/22/2021 19:15,1.36393E+18,"{'neg': 0.0, 'neu': 0.796, 'pos': 0.204, 'compound': 0.5574}",,1,,"['riverdale', 'alice', 'veronica', 'toni', 'falice', 'hiram', 'hermione', 'thank', 'god', 'season', '2', 'betty', 'veronica', 'season', '4', 'hiram', '9', '5', 'rating']",riverdale alice veronica toni falice hiram hermione thank god season 2 betty veronica season 4 hiram 9 5 rating
falice,FALSE,en,0,0,2/22/2021 18:52,1.36392E+18,"{'neg': 0.0, 'neu': 1.0, 'pos': 0.0, 'compound': 0.0}",,1,,['falice'],falice
falice https://t.co/iqUbwZKQSy,FALSE,en,1,0,2/22/2021 18:36,1.36392E+18,"{'neg': 0.0, 'neu': 1.0, 'pos': 0.0, 'compound': 0.0}",,1,,['falice'],falice
RT @faliceiscute: @madchenamick and skeet #Falice ‚ù§Ô∏è‚ù§Ô∏èüêçüêç https://t.co/gzLDIAjE13,FALSE,en,0,6,2/22/2021 7:21,1.36375E+18,"{'neg': 0.0, 'neu': 1.0, 'pos': 0.0, 'compound': 0.0}",,1,,"['skeet', 'falice']",skeet falice
RT @DrewRayTanner: Mmmmm did someone say #falice ü§´ #riverdale https://t.co/7VvQ22p3M3,FALSE,en,0,70,2/22/2021 5:38,1.36372E+18,"{'neg': 0.0, 'neu': 1.0, 'pos': 0.0, 'compound': 0.0}",1,,,"['mmmmm', 'someone', 'say', 'falice', 'riverdale']",mmmmm someone say falice riverdale
"@TH0LLANDS ‚Äî top fav character:
1. Josie
2. Toni
3. Archie
‚Äî fav ship: Barchie/Falice
‚Äî least fav ship: üêú üë®‚Äçü¶≤
‚Äî fav season: 1 (for now)
‚Äî fav friendship: Veronica/Josie &amp; Archie/Toni
‚Äî fav season finale: s1
‚Äî least fav character: Hiram
‚Äî rating out of 10: 7.2(?)/10",FALSE,en,2,0,2/22/2021 4:37,1.36371E+18,"{'neg': 0.0, 'neu': 0.539, 'pos': 0.461, 'compound': 0.9741}",,1,,"['top', 'fav', 'character', '1', 'josie', '2', 'toni', '3', 'archie', 'fav', 'ship', 'barchie', 'falice', 'least', 'fav', 'ship', 'fav', 'season', '1', 'fav', 'friendship', 'veronica', 'josie', 'amp', 'archie', 'toni', 'fav', 'season', 'finale', 's1', 'least', 'fav', 'character', 'hiram', 'rating', '10', '7', '2', '10']",top fav character 1 josie 2 toni 3 archie fav ship barchie falice least fav ship fav season 1 fav friendship veronica josie amp archie toni fav season finale s1 least fav character hiram rating 10 7 2 10
/ watching falice on screen: I‚Äôd fuck them both ‚ú®,FALSE,en,1,0,2/22/2021 4:32,1.36371E+18,"{'neg': 0.333, 'neu': 0.667, 'pos': 0.0, 'compound': -0.5423}",1,,,"['watching', 'falice', 'screen', 'fuck']",watching falice screen fuck
"Riverdale 
‚Äî top fav characters:
1. Alice 
2. FP 
3. Hermione 
‚Äî fav ship: Falice 
‚Äî least fav ship: I honestly don‚Äôt know 
‚Äî fav season: 2
‚Äî fav friendship: Toni &amp; Alice (thank you S5) 
‚Äî fav season finale: 1 
‚Äî least fav character: Jughead 
‚Äî rating out of 10: 6 or 7",FALSE,en,1,0,2/22/2021 4:19,1.3637E+18,"{'neg': 0.0, 'neu': 0.519, 'pos': 0.481, 'compound': 0.9792}",,1,,"['riverdale', 'top', 'fav', 'characters', '1', 'alice', '2', 'fp', '3', 'hermione', 'fav', 'ship', 'falice', 'least', 'fav', 'ship', 'honestly', 'know', 'fav', 'season', '2', 'fav', 'friendship', 'toni', 'amp', 'alice', 'thank', 's5', 'fav', 'season', 'finale', '1', 'least', 'fav', 'character', 'jughead', 'rating', '10', '6', '7']",riverdale top fav characters 1 alice 2 fp 3 hermione fav ship falice least fav ship honestly know fav season 2 fav friendship toni amp alice thank s5 fav season finale 1 least fav character jughead rating 10 6 7
"show: Riverdale

‚Äî top fav characters:
1. Alice
2. FP
3. Kevin
‚Äî fav ship: Falice
‚Äî least fav ship: Varchie
‚Äî fav season: 1
‚Äî fav friendship: Kevin and Toni
‚Äî fav season finale: 3
‚Äî least fav character: Jug
‚Äî rating out of 10: 6",FALSE,en,2,0,2/22/2021 3:30,1.36369E+18,"{'neg': 0.0, 'neu': 0.512, 'pos': 0.488, 'compound': 0.9741}",,1,,"['show', 'riverdale', 'top', 'fav', 'characters', '1', 'alice', '2', 'fp', '3', 'kevin', 'fav', 'ship', 'falice', 'least', 'fav', 'ship', 'varchie', 'fav', 'season', '1', 'fav', 'friendship', 'kevin', 'toni', 'fav', 'season', 'finale', '3', 'least', 'fav', 'character', 'jug', 'rating', '10', '6']",show riverdale top fav characters 1 alice 2 fp 3 kevin fav ship falice least fav ship varchie fav season 1 fav friendship kevin toni fav season finale 3 least fav character jug rating 10 6
it‚Äôs so obvious that falice are still together ü•∫ü•∫ü•∫ü•∫ü•∫ ‚Äî yeah &lt;\3 it‚Äôs nice but they‚Äôre clearly not doing great and it makes it kind of bittersweet  https://t.co/HTJ5UYtmnp,FALSE,en,6,0,2/22/2021 1:50,1.36367E+18,"{'neg': 0.179, 'neu': 0.622, 'pos': 0.199, 'compound': -0.0722}",0.5,0.5,,"['obvious', 'falice', 'still', 'together', 'yeah', 'lt', '3', 'nice', 'clearly', 'great', 'makes', 'kind', 'bittersweet']",obvious falice still together yeah lt 3 nice clearly great makes kind bittersweet
this season could‚Äôve been falice‚Äôs best one yetüòî ‚Äî a crime we didn‚Äôt get to see alice with fp when she looks this fine but i digress üò™ https://t.co/YIBTE52TG1,FALSE,en,5,0,2/22/2021 1:47,1.36367E+18,"{'neg': 0.079, 'neu': 0.776, 'pos': 0.145, 'compound': 0.2144}",0.6,0.4,,"['season', 'could', 'falice', 'best', 'one', 'yet', 'crime', 'get', 'see', 'alice', 'fp', 'looks', 'fine', 'digress']",season could falice best one yet crime get see alice fp looks fine digress
"if skeet were to ever come back what would u want to see for falice ‚Äî now the thing is whilst it‚Äôs clear that they‚Äôre still together, i don‚Äôt think they‚Äôre in a good place? like alice is clearly not doing well, there is no reason ‚Ä¶ https://t.co/kp5MCfZ8A0",FALSE,en,5,0,2/22/2021 0:34,1.36365E+18,"{'neg': 0.077, 'neu': 0.692, 'pos': 0.231, 'compound': 0.7897}",,1,,"['skeet', 'ever', 'come', 'back', 'would', 'u', 'want', 'see', 'falice', 'thing', 'whilst', 'clear', 'still', 'together', 'think', 'good', 'place', 'like', 'alice', 'clearly', 'well', 'reason']",skeet ever come back would u want see falice thing whilst clear still together think good place like alice clearly well reason
"RT @azalben: There were a lot of grueling break-ups in this week's #Riverdale, and #Falice was (sort of) one of them. But there was one lit‚Ä¶",FALSE,en,0,10,2/21/2021 23:57,1.36364E+18,"{'neg': 0.0, 'neu': 1.0, 'pos': 0.0, 'compound': 0.0}",,1,,"['lot', 'grueling', 'break', 'ups', 'week', 'riverdale', 'falice', 'sort', 'one', 'one', 'lit']",lot grueling break ups week riverdale falice sort one one lit
RT @jchnnysbqrchie: post the cobra kai character awards now or tomorrow?,FALSE,en,0,1,2/21/2021 23:50,1.36364E+18,"{'neg': 0.0, 'neu': 0.769, 'pos': 0.231, 'compound': 0.4588}",,1,,"['post', 'cobra', 'kai', 'character', 'awards', 'tomorrow']",post cobra kai character awards tomorrow
RT @mockingjaays: omg 5k views üòè https://t.co/j10NWv1mO3,FALSE,en,0,3,2/21/2021 23:48,1.36364E+18,"{'neg': 0.0, 'neu': 1.0, 'pos': 0.0, 'compound': 0.0}",,1,,"['omg', '5k', 'views']",omg 5k views
"aka barchie married with their little kids running running around, choni married with toni‚Äôs kid and other kids that they will have, kang‚Äôs married with kids, falice together again, and veggie married with kids",FALSE,en,35,0,2/21/2021 23:20,1.36363E+18,"{'neg': 0.0, 'neu': 1.0, 'pos': 0.0, 'compound': 0.0}",0.5,0.5,,"['aka', 'barchie', 'married', 'little', 'kids', 'running', 'running', 'around', 'choni', 'married', 'toni', 'kid', 'kids', 'kang', 'married', 'kids', 'falice', 'together', 'veggie', 'married', 'kids']",aka barchie married little kids running running around choni married toni kid kids kang married kids falice together veggie married kids
"Life without #Falice is just wrong! No, Alice, that is NOT your story! #FaliceisEndgame 
#Riverdale 
@CW_Riverdale 
@madchenamick https://t.co/ppPtko8y0V",FALSE,en,0,0,2/21/2021 21:48,1.36361E+18,"{'neg': 0.269, 'neu': 0.731, 'pos': 0.0, 'compound': -0.7081}",,0.5,0.5,"['life', 'without', 'falice', 'wrong', 'alice', 'story', 'faliceisendgame', 'riverdale']",life without falice wrong alice story faliceisendgame riverdale
Was there ever any one shots written about this scene and falice? know fp would have went wild seeing her in that https://t.co/Ts2LESAPUD,TRUE,en,11,0,2/21/2021 19:39,1.36357E+18,"{'neg': 0.0, 'neu': 1.0, 'pos': 0.0, 'compound': 0.0}",0.5,0.5,,"['ever', 'one', 'shots', 'written', 'scene', 'falice', 'know', 'fp', 'would', 'went', 'wild', 'seeing']",ever one shots written scene falice know fp would went wild seeing
"WATCH: Riverdale Time Jump - ""Alice Cooper""! https://t.co/hboGGk3M6r 

@madchenamick #barchie #falice #riverdale https://t.co/GBkhVaG3Le",FALSE,en,1,0,2/21/2021 19:24,1.36357E+18,"{'neg': 0.0, 'neu': 1.0, 'pos': 0.0, 'compound': 0.0}",,1,,"['watch', 'riverdale', 'time', 'jump', 'alice', 'cooper', 'barchie', 'falice', 'riverdale']",watch riverdale time jump alice cooper barchie falice riverdale
"some of y‚Äôall...... no one is going to say you‚Äôre any less of a stan for not watching s5 because falice aren‚Äôt in it, but making all of alice‚Äôs own storylines about fp/falice when skeet is long gone? cut that shit out right now, i‚Äôm tired https://t.co/IkuBAiIXa9",FALSE,en,56,13,2/21/2021 17:12,1.36354E+18,"{'neg': 0.236, 'neu': 0.764, 'pos': 0.0, 'compound': -0.9186}",,0.5,0.5,"['one', 'going', 'say', 'less', 'stan', 'watching', 's5', 'falice', 'making', 'alice', 'storylines', 'fp', 'falice', 'skeet', 'long', 'gone', 'cut', 'shit', 'right', 'tired']",one going say less stan watching s5 falice making alice storylines fp falice skeet long gone cut shit right tired
@CW_Riverdale Falice endgameü•∞ü•∞,FALSE,en,3,0,2/21/2021 17:03,1.36353E+18,"{'neg': 0.0, 'neu': 1.0, 'pos': 0.0, 'compound': 0.0}",1,,,"['falice', 'endgame']",falice endgame
@samantha_167 @falicehappiness @madchenamick How‚Äôd you know..ü•∫,FALSE,en,2,0,2/21/2021 16:04,1.36352E+18,"{'neg': 0.0, 'neu': 1.0, 'pos': 0.0, 'compound': 0.0}",,1,,['know'],know
@HindRain @falicehappiness Nope I‚Äôm cryingü•∫‚ù§Ô∏è‚ù§Ô∏è,FALSE,en,2,0,2/21/2021 15:59,1.36352E+18,"{'neg': 0.0, 'neu': 1.0, 'pos': 0.0, 'compound': 0.0}",,0.5,0.5,"['nope', 'crying']",nope crying
"no offens but until S5 coming, completely forgot there‚Äôs falice",FALSE,en,0,0,2/21/2021 11:31,1.36345E+18,"{'neg': 0.151, 'neu': 0.849, 'pos': 0.0, 'compound': -0.1531}",,1,,"['offens', 's5', 'coming', 'completely', 'forgot', 'falice']",offens s5 coming completely forgot falice
‚ï± just knowing that alice so wears this to bed . . . Falice isn‚Äôt over. Shhh. https://t.co/EXCKliMBZu,FALSE,en,3,0,2/21/2021 9:39,1.36342E+18,"{'neg': 0.0, 'neu': 1.0, 'pos': 0.0, 'compound': 0.0}",0.5,0.5,,"['knowing', 'alice', 'wears', 'bed', 'falice', 'shhh']",knowing alice wears bed falice shhh
Falice https://t.co/WMzuC4AOw5,TRUE,en,0,0,2/21/2021 5:09,1.36336E+18,"{'neg': 0.0, 'neu': 1.0, 'pos': 0.0, 'compound': 0.0}",,1,,['falice'],falice
falice and oq own hand holds no i will not elaborate,FALSE,en,0,0,2/21/2021 5:00,1.36335E+18,"{'neg': 0.164, 'neu': 0.597, 'pos': 0.239, 'compound': 0.25}",,1,,"['falice', 'oq', 'hand', 'holds', 'elaborate']",falice oq hand holds elaborate
@madsboutmadchen choni and falice. my babies ü•∫üíó,FALSE,en,1,0,2/21/2021 4:34,1.36335E+18,"{'neg': 0.0, 'neu': 1.0, 'pos': 0.0, 'compound': 0.0}",1,,,"['choni', 'falice', 'babies']",choni falice babies
@falicehappiness I know right like I need them back super much like I miss falice so much and I miss fp so much üíúüíúü•∫,FALSE,en,1,0,2/21/2021 1:16,1.3633E+18,"{'neg': 0.118, 'neu': 0.554, 'pos': 0.328, 'compound': 0.7717}",0.5,0.5,,"['know', 'right', 'like', 'need', 'back', 'super', 'much', 'like', 'miss', 'falice', 'much', 'miss', 'fp', 'much']",know right like need back super much like miss falice much miss fp much
@julietsburke bc choni and falice get like one second of screentime every 3 episodes üíÄ,FALSE,en,0,0,2/21/2021 0:27,1.36328E+18,"{'neg': 0.0, 'neu': 0.828, 'pos': 0.172, 'compound': 0.3612}",,0.5,0.5,"['bc', 'choni', 'falice', 'get', 'like', 'one', 'second', 'screentime', 'every', '3', 'episodes']",bc choni falice get like one second screentime every 3 episodes
me skipping every scene of riverdale that isn‚Äôt choni or falice https://t.co/vGRz2XYAHi,FALSE,en,0,0,2/21/2021 0:17,1.36328E+18,"{'neg': 0.0, 'neu': 1.0, 'pos': 0.0, 'compound': 0.0}",,0.5,0.5,"['skipping', 'every', 'scene', 'riverdale', 'choni', 'falice']",skipping every scene riverdale choni falice
@madchenamick Falice foreveeeerüòçü•∫ü•∫üêç,FALSE,en,0,0,2/20/2021 21:23,1.36324E+18,"{'neg': 0.0, 'neu': 1.0, 'pos': 0.0, 'compound': 0.0}",1,,,"['falice', 'foreveeeer']",falice foreveeeer
@CW_Riverdale Release the Falice deleted scenes thanks,FALSE,en,4,1,2/20/2021 21:19,1.36324E+18,"{'neg': 0.0, 'neu': 0.674, 'pos': 0.326, 'compound': 0.4404}",0.5,0.5,,"['release', 'falice', 'deleted', 'scenes', 'thanks']",release falice deleted scenes thanks
"@CW_Riverdale Falice,Barchie and Choni endgame",FALSE,en,3,0,2/20/2021 21:19,1.36324E+18,"{'neg': 0.0, 'neu': 1.0, 'pos': 0.0, 'compound': 0.0}",1,,,"['falice', 'barchie', 'choni', 'endgame']",falice barchie choni endgame
@makimalesbian i just love that bughead and falice are all dating at the same time. its so incesty,FALSE,en,0,0,2/20/2021 18:58,1.3632E+18,"{'neg': 0.0, 'neu': 0.792, 'pos': 0.208, 'compound': 0.6369}",1,,,"['love', 'bughead', 'falice', 'dating', 'time', 'incesty']",love bughead falice dating time incesty
RT @oocfalice: 5x05 as a falice stan be like https://t.co/omD0GtueiP,FALSE,en,0,12,2/20/2021 18:24,1.36319E+18,"{'neg': 0.0, 'neu': 0.762, 'pos': 0.238, 'compound': 0.3612}",,1,,"['5x05', 'falice', 'stan', 'like']",5x05 falice stan like
Thinking about Falice‚Äôs bedroom ü•∞ https://t.co/MpzFmKP8Rw,TRUE,en,12,0,2/20/2021 17:47,1.36318E+18,"{'neg': 0.0, 'neu': 1.0, 'pos': 0.0, 'compound': 0.0}",,1,,"['thinking', 'falice', 'bedroom']",thinking falice bedroom
"@CW_Riverdale Falice,Choni and Barchie endgameüíï",FALSE,en,5,0,2/20/2021 17:20,1.36318E+18,"{'neg': 0.0, 'neu': 1.0, 'pos': 0.0, 'compound': 0.0}",1,,,"['falice', 'choni', 'barchie', 'endgame']",falice choni barchie endgame
@medicaldoctxr I love seeing all your daily Falice tweets and your theories and plus u are very sweet and funny‚ô°,FALSE,en,2,0,2/20/2021 17:19,1.36318E+18,"{'neg': 0.0, 'neu': 0.681, 'pos': 0.319, 'compound': 0.8173}",1,,,"['love', 'seeing', 'daily', 'falice', 'tweets', 'theories', 'plus', 'u', 'sweet', 'funny']",love seeing daily falice tweets theories plus u sweet funny
i miss fp and aliceeee ^_^ well i‚Äôm not watching riverdale anymore tho but falice was the one that made me stay until i got bored of rvd so i stopped watching at the beginning of s4,FALSE,en,0,0,2/20/2021 16:49,1.36317E+18,"{'neg': 0.186, 'neu': 0.774, 'pos': 0.04, 'compound': -0.6845}",,0.4,0.6,"['miss', 'fp', 'aliceeee', 'well', 'watching', 'riverdale', 'anymore', 'tho', 'falice', 'one', 'made', 'stay', 'got', 'bored', 'rvd', 'stopped', 'watching', 'beginning', 's4']",miss fp aliceeee well watching riverdale anymore tho falice one made stay got bored rvd stopped watching beginning s4
If I drop my falice fc later would y'all vibe?,FALSE,en,0,0,2/20/2021 16:25,1.36316E+18,"{'neg': 0.208, 'neu': 0.792, 'pos': 0.0, 'compound': -0.2732}",,1,,"['drop', 'falice', 'fc', 'later', 'would', 'vibe']",drop falice fc later would vibe
@_monalisavito Not to the same level I stan Falice but damn they got me... they really got me lol,FALSE,en,1,0,2/20/2021 15:38,1.36315E+18,"{'neg': 0.15, 'neu': 0.677, 'pos': 0.173, 'compound': 0.1395}",1,,,"['monalisavito', 'level', 'stan', 'falice', 'damn', 'got', 'really', 'got', 'lol']",monalisavito level stan falice damn got really got lol
@harpersblossom She is the best! She made me a Falice Shirt üòç,FALSE,en,0,0,2/20/2021 14:16,1.36313E+18,"{'neg': 0.0, 'neu': 0.667, 'pos': 0.333, 'compound': 0.6696}",1,,,"['best', 'made', 'falice', 'shirt']",best made falice shirt
Not me about to read some falice fics because I have nothing else to do,FALSE,en,3,0,2/20/2021 12:56,1.36311E+18,"{'neg': 0.0, 'neu': 1.0, 'pos': 0.0, 'compound': 0.0}",1,,,"['read', 'falice', 'fics', 'nothing', 'else']",read falice fics nothing else
Does anybody know what the name of the one shot book on Wattpad about Falice with a chapter named hail to the king is? I can‚Äôt find it anywhere üòÅ,FALSE,en,0,0,2/20/2021 11:32,1.36309E+18,"{'neg': 0.0, 'neu': 0.952, 'pos': 0.048, 'compound': 0.0772}",,1,,"['anybody', 'know', 'name', 'one', 'shot', 'book', 'wattpad', 'falice', 'chapter', 'named', 'hail', 'king', 'find', 'anywhere']",anybody know name one shot book wattpad falice chapter named hail king find anywhere
@joslexie They aren‚Äôt step siblings. Falice never got married,FALSE,en,0,0,2/20/2021 9:47,1.36306E+18,"{'neg': 0.0, 'neu': 1.0, 'pos': 0.0, 'compound': 0.0}",,1,,"['step', 'siblings', 'falice', 'never', 'got', 'married']",step siblings falice never got married
But my #Falice heart is üò¢. I miss them üíî,FALSE,en,0,0,2/20/2021 9:23,1.36306E+18,"{'neg': 0.186, 'neu': 0.814, 'pos': 0.0, 'compound': -0.1531}",0.6,0.4,,"['falice', 'heart', 'miss']",falice heart miss
Never seen the show but Falice 4eva üòû‚úåüèªüêç https://t.co/0ZQI8j59BP,TRUE,en,2,0,2/20/2021 8:47,1.36305E+18,"{'neg': 0.0, 'neu': 1.0, 'pos': 0.0, 'compound': 0.0}",1,,,"['never', 'seen', 'show', 'falice', '4eva']",never seen show falice 4eva
when varchies finally understand that falice will always have each other whilist archie is fucking someone else after cheating on veronica https://t.co/fgzT8Lzucs,FALSE,en,2,0,2/20/2021 8:03,1.36304E+18,"{'neg': 0.146, 'neu': 0.854, 'pos': 0.0, 'compound': -0.5574}",,0.4,0.6,"['varchies', 'finally', 'understand', 'falice', 'always', 'whilist', 'archie', 'fucking', 'someone', 'else', 'cheating', 'veronica']",varchies finally understand falice always whilist archie fucking someone else cheating veronica
RT @vanesahaley0: imagining what a scene with Falice in the shower would have been like https://t.co/JZBXYN4qHp,FALSE,en,0,3,2/20/2021 7:08,1.36302E+18,"{'neg': 0.0, 'neu': 0.848, 'pos': 0.152, 'compound': 0.3612}",1,,,"['imagining', 'scene', 'falice', 'shower', 'would', 'like']",imagining scene falice shower would like
"The daughter of the queen of serpents @madchenamick 

#Riverdale #Falice #Serpents https://t.co/WANfBXOMNP",FALSE,en,1,0,2/20/2021 4:23,1.36298E+18,"{'neg': 0.0, 'neu': 1.0, 'pos': 0.0, 'compound': 0.0}",1,,,"['daughter', 'queen', 'serpents', 'riverdale', 'falice', 'serpents']",daughter queen serpents riverdale falice serpents
Ik skeet probably wouldn‚Äôt even care anyways if they gave us a crumb like üò≠‚úãüèª that man loves Falice,FALSE,en,8,0,2/20/2021 4:03,1.36298E+18,"{'neg': 0.0, 'neu': 0.615, 'pos': 0.385, 'compound': 0.8555}",1,,,"['ik', 'skeet', 'probably', 'even', 'care', 'anyways', 'gave', 'us', 'crumb', 'like', 'man', 'loves', 'falice']",ik skeet probably even care anyways gave us crumb like man loves falice
@madchenamick @MINATOBIAS_ To cuteüòÇüòÇüòÇ‚ù§Ô∏è,FALSE,en,0,0,2/20/2021 3:11,1.36296E+18,"{'neg': 0.0, 'neu': 1.0, 'pos': 0.0, 'compound': 0.0}",1,,,['cute'],cute
@madchenamick any hints on falice you can give?? the house looks exactly the same üòè,FALSE,en,4,0,2/20/2021 2:33,1.36295E+18,"{'neg': 0.0, 'neu': 1.0, 'pos': 0.0, 'compound': 0.0}",,1,,"['hints', 'falice', 'give', 'house', 'looks', 'exactly']",hints falice give house looks exactly
@madchenamick Season 1 Alice making a return...üò©,FALSE,en,2,0,2/20/2021 2:32,1.36295E+18,"{'neg': 0.0, 'neu': 1.0, 'pos': 0.0, 'compound': 0.0}",,1,,"['season', '1', 'alice', 'making', 'return']",season 1 alice making return
@madchenamick We Stan her!üòç,FALSE,en,2,0,2/20/2021 2:31,1.36295E+18,"{'neg': 0.0, 'neu': 1.0, 'pos': 0.0, 'compound': 0.0}",1,,,['stan'],stan
"""My daughter is completely fine""
Ma'am, your daughter mourns Kurt Cobain who died almost 20 years before he was born, shippea Larry, is Directioner and shippea Falice.",FALSE,en,0,0,2/20/2021 2:11,1.36295E+18,"{'neg': 0.212, 'neu': 0.725, 'pos': 0.063, 'compound': -0.7102}",,1,,"['daughter', 'completely', 'fine', 'daughter', 'mourns', 'kurt', 'cobain', 'died', 'almost', '20', 'years', 'born', 'shippea', 'larry', 'directioner', 'shippea', 'falice']",daughter completely fine daughter mourns kurt cobain died almost 20 years born shippea larry directioner shippea falice
I need a scene from Falice in season 2 or 3 with Scorpion's Still Loving You in the background,FALSE,en,1,0,2/20/2021 2:09,1.36295E+18,"{'neg': 0.0, 'neu': 0.782, 'pos': 0.218, 'compound': 0.5994}",1,,,"['need', 'scene', 'falice', 'season', '2', '3', 'scorpion', 'still', 'loving', 'background']",need scene falice season 2 3 scorpion still loving background
"I remember that the first time I wrote a one shot it was bc I couldn‚Äôt get an idea out of my head, I never thought that people will actually read it or like it, and now I‚Äôm on the top 10 of #Falice stories? Among so many talented people? It honestly feels like an honor...ü•∫üôèüèª‚ù§Ô∏è https://t.co/cDN5hKaNB6",FALSE,en,18,0,2/20/2021 1:32,1.36294E+18,"{'neg': 0.0, 'neu': 0.774, 'pos': 0.226, 'compound': 0.9142}",1,,,"['remember', 'first', 'time', 'wrote', 'one', 'shot', 'bc', 'get', 'idea', 'head', 'never', 'thought', 'people', 'actually', 'read', 'like', 'top', '10', 'falice', 'stories', 'among', 'many', 'talented', 'people', 'honestly', 'feels', 'like', 'honor']",remember first time wrote one shot bc get idea head never thought people actually read like top 10 falice stories among many talented people honestly feels like honor
"@itsbarchiebxtch that scene of them walking, they are sharing many scenes, archie will help her with something, there is a great possibility that they will serve exes to lovers, but it is my opinion, falice also doesn't bother me and I don't even know why fans are so bothered by varchie",FALSE,en,0,0,2/20/2021 1:02,1.36293E+18,"{'neg': 0.069, 'neu': 0.741, 'pos': 0.19, 'compound': 0.6208}",,1,,"['scene', 'walking', 'sharing', 'many', 'scenes', 'archie', 'help', 'something', 'great', 'possibility', 'serve', 'exes', 'lovers', 'opinion', 'falice', 'also', 'bother', 'even', 'know', 'fans', 'bothered', 'varchie']",scene walking sharing many scenes archie help something great possibility serve exes lovers opinion falice also bother even know fans bothered varchie
"@ifsvarchie i don‚Äôt think they will get back together now bc of whats happened with barchie, i don‚Äôt think she could trust them together after they already cheated twice, + her marriage is a big obstacle, that‚Äôs just my opinion but falice really doesn‚Äôt bother me either way",FALSE,en,1,0,2/20/2021 0:57,1.36293E+18,"{'neg': 0.15, 'neu': 0.807, 'pos': 0.043, 'compound': -0.6448}",,1,,"['think', 'get', 'back', 'together', 'bc', 'whats', 'happened', 'barchie', 'think', 'could', 'trust', 'together', 'already', 'cheated', 'twice', 'marriage', 'big', 'obstacle', 'opinion', 'falice', 'really', 'bother', 'either', 'way']",think get back together bc whats happened barchie think could trust together already cheated twice marriage big obstacle opinion falice really bother either way
"@itsbarchiebxtch but varchie still has scenes, and with a great chance of coming back, falice could never",FALSE,en,0,0,2/20/2021 0:54,1.36293E+18,"{'neg': 0.0, 'neu': 0.632, 'pos': 0.368, 'compound': 0.8462}",,1,,"['varchie', 'still', 'scenes', 'great', 'chance', 'coming', 'back', 'falice', 'could', 'never']",varchie still scenes great chance coming back falice could never
@delicatefalice Imagine if we actually got a falice spinoff tho https://t.co/VJG6NxPqZ9,FALSE,en,1,0,2/20/2021 0:53,1.36293E+18,"{'neg': 0.0, 'neu': 1.0, 'pos': 0.0, 'compound': 0.0}",1,,,"['imagine', 'actually', 'got', 'falice', 'spinoff', 'tho']",imagine actually got falice spinoff tho
"@faliceohmy a Falice Stan, a M√§dchen Stan and Skeet Stan...it‚Äôs always good to see you on the tl! ü•∞ü•∞ü•∞‚ù§Ô∏è‚ù§Ô∏è‚ù§Ô∏è",FALSE,en,1,0,2/20/2021 0:37,1.36292E+18,"{'neg': 0.0, 'neu': 0.834, 'pos': 0.166, 'compound': 0.4926}",1,,,"['falice', 'stan', 'dchen', 'stan', 'skeet', 'stan', 'always', 'good', 'see', 'tl']",falice stan dchen stan skeet stan always good see tl
@medicaldoctxr wgere i get my dayly laugh you were truly the sweetest thing also get my daily falice content,FALSE,en,2,0,2/20/2021 0:25,1.36292E+18,"{'neg': 0.0, 'neu': 0.711, 'pos': 0.289, 'compound': 0.7579}",1,,,"['wgere', 'get', 'dayly', 'laugh', 'truly', 'sweetest', 'thing', 'also', 'get', 'daily', 'falice', 'content']",wgere get dayly laugh truly sweetest thing also get daily falice content
@dioramick Not their hatred for Falice coming out again https://t.co/RusqElFPza,FALSE,en,1,0,2/19/2021 23:56,1.36291E+18,"{'neg': 0.0, 'neu': 0.728, 'pos': 0.272, 'compound': 0.5216}",,1,,"['hatred', 'falice', 'coming']",hatred falice coming
choni and falice are the two best ships on riverdale there i said it,FALSE,en,3,0,2/19/2021 23:54,1.36291E+18,"{'neg': 0.0, 'neu': 0.741, 'pos': 0.259, 'compound': 0.6369}",1,,,"['choni', 'falice', 'two', 'best', 'ships', 'riverdale', 'said']",choni falice two best ships riverdale said
@azalben do we get anything about Falice next week??,FALSE,en,0,0,2/19/2021 23:29,1.36291E+18,"{'neg': 0.0, 'neu': 1.0, 'pos': 0.0, 'compound': 0.0}",,1,,"['get', 'anything', 'falice', 'next', 'week']",get anything falice next week
@madchenamick You two are to muchüòÇüòÇ‚ù§Ô∏è‚ù§Ô∏è,FALSE,en,0,0,2/19/2021 23:28,1.36291E+18,"{'neg': 0.0, 'neu': 1.0, 'pos': 0.0, 'compound': 0.0}",1,,,"['two', 'much']",two much
@Deckerstar_6666 Im Falice shipper üèÉüèª‚Äç‚ôÄÔ∏è,FALSE,en,12,0,2/19/2021 23:02,1.3629E+18,"{'neg': 0.0, 'neu': 1.0, 'pos': 0.0, 'compound': 0.0}",1,,,"['im', 'falice', 'shipper']",im falice shipper
@mad_ami19 The other ships wouldn‚Äôt be able to out-stand it....üò∂ so they decided we should suffer for being the best ship with the best chemistry.ü§∑üèΩ‚Äç‚ôÄÔ∏èit would definitely out do the shower scene .,FALSE,en,0,0,2/19/2021 22:55,1.3629E+18,"{'neg': 0.082, 'neu': 0.657, 'pos': 0.261, 'compound': 0.8225}",,,1,"['ships', 'able', 'stand', 'decided', 'suffer', 'best', 'ship', 'best', 'chemistry', 'would', 'definitely', 'shower', 'scene']",ships able stand decided suffer best ship best chemistry would definitely shower scene
"@Miapaula19 @CWRiverdaleNew Truth be told, they ruined #Bughead . In my opinion. I really shipped them hard early on but then #Falice happened and we found out they shared a brother and then they all moved in together as a family and it just got so weird. I see them as sort of step siblings by proxy.",FALSE,en,2,0,2/19/2021 21:45,1.36288E+18,"{'neg': 0.108, 'neu': 0.81, 'pos': 0.082, 'compound': -0.1265}",,,1,"['truth', 'told', 'ruined', 'bughead', 'opinion', 'really', 'shipped', 'hard', 'early', 'falice', 'happened', 'found', 'shared', 'brother', 'moved', 'together', 'family', 'got', 'weird', 'see', 'sort', 'step', 'siblings', 'proxy']",truth told ruined bughead opinion really shipped hard early falice happened found shared brother moved together family got weird see sort step siblings proxy
@dioramick right? and then talking about falice as if they don‚Äôt look a billion times better than varchies story üò≠,FALSE,en,9,0,2/19/2021 20:13,1.36286E+18,"{'neg': 0.0, 'neu': 0.854, 'pos': 0.146, 'compound': 0.4404}",,1,,"['right', 'talking', 'falice', 'look', 'billion', 'times', 'better', 'varchies', 'story']",right talking falice look billion times better varchies story
"i loved loved loved this chapter so much!!! it was so beautiful üòç the ending was amazing!! i cannot wait to read more!!! this is becoming one of my favorite falice stories, thank you for writing it!! @softfalice üòò https://t.co/8ZnFwoIF8j",TRUE,en,2,0,2/19/2021 20:08,1.36286E+18,"{'neg': 0.0, 'neu': 0.516, 'pos': 0.484, 'compound': 0.982}",1,,,"['loved', 'loved', 'loved', 'chapter', 'much', 'beautiful', 'ending', 'amazing', 'cannot', 'wait', 'read', 'becoming', 'one', 'favorite', 'falice', 'stories', 'thank', 'writing']",loved loved loved chapter much beautiful ending amazing cannot wait read becoming one favorite falice stories thank writing
Has anyone written any falice shower fics?? I need something to help me get over the fact that we could‚Äôve had a sexi scene but the writers hate us:) https://t.co/wBBQqc3h06,TRUE,en,3,0,2/19/2021 19:49,1.36285E+18,"{'neg': 0.163, 'neu': 0.782, 'pos': 0.056, 'compound': -0.6767}",,1,,"['anyone', 'written', 'falice', 'shower', 'fics', 'need', 'something', 'help', 'get', 'fact', 'could', 'sexi', 'scene', 'writers', 'hate', 'us']",anyone written falice shower fics need something help get fact could sexi scene writers hate us
@AVane_g girl you‚Äôre so funny!!! I love your reactions videos! The way you freak out over Falice is a mood! I‚Äôm glad that we are talking more lately! ü•∞‚ù§Ô∏è,FALSE,en,2,0,2/19/2021 19:33,1.36285E+18,"{'neg': 0.076, 'neu': 0.601, 'pos': 0.324, 'compound': 0.8882}",1,,,"['girl', 'funny', 'love', 'reactions', 'videos', 'way', 'freak', 'falice', 'mood', 'glad', 'talking', 'lately']",girl funny love reactions videos way freak falice mood glad talking lately
imagining what a scene with Falice in the shower would have been like https://t.co/JZBXYN4qHp,FALSE,en,15,3,2/19/2021 19:28,1.36285E+18,"{'neg': 0.0, 'neu': 0.828, 'pos': 0.172, 'compound': 0.3612}",1,,,"['imagining', 'scene', 'falice', 'shower', 'would', 'like']",imagining scene falice shower would like
how do you feel knowing that we could have potentially already seen falice‚Äôs last scene ever ‚Äî i mean i really doubt that sk**t‚Äôs career is not going to completely flop and he won‚Äôt be back with his tail between his legs in the ne‚Ä¶ https://t.co/xzNdqrt6aR,FALSE,en,2,0,2/19/2021 19:09,1.36284E+18,"{'neg': 0.118, 'neu': 0.882, 'pos': 0.0, 'compound': -0.669}",,,1,"['feel', 'knowing', 'could', 'potentially', 'already', 'seen', 'falice', 'last', 'scene', 'ever', 'mean', 'really', 'doubt', 'sk', 'career', 'going', 'completely', 'flop', 'back', 'tail', 'legs', 'ne']",feel knowing could potentially already seen falice last scene ever mean really doubt sk career going completely flop back tail legs ne
@dioramick how‚Äôs falice doing?,FALSE,en,24,0,2/19/2021 18:39,1.36283E+18,"{'neg': 0.0, 'neu': 1.0, 'pos': 0.0, 'compound': 0.0}",,1,,['falice'],falice
"RT @barchie_stan: rt if you wanna be mutualsüëâüèªüëàüèªüëÄ and stan any of these ships:
barchie
delena
klaroline
choni
bellarke
jiara
tony stark (ha‚Ä¶",FALSE,en,0,6,2/19/2021 18:10,1.36283E+18,"{'neg': 0.0, 'neu': 1.0, 'pos': 0.0, 'compound': 0.0}",,1,,"['wanna', 'mutuals', 'stan', 'ships', 'barchie', 'delena', 'klaroline', 'choni', 'bellarke', 'jiara', 'tony', 'stark', 'ha']",wanna mutuals stan ships barchie delena klaroline choni bellarke jiara tony stark ha
@barchiesdreams Honestly id replace veggie with falice,FALSE,en,0,0,2/19/2021 15:57,1.36279E+18,"{'neg': 0.0, 'neu': 0.667, 'pos': 0.333, 'compound': 0.4588}",1,,,"['honestly', 'id', 'replace', 'veggie', 'falice']",honestly id replace veggie falice
"@PRiveerdale Bughead and choni

And young falice üòû",FALSE,en,2,0,2/19/2021 15:57,1.36279E+18,"{'neg': 0.0, 'neu': 1.0, 'pos': 0.0, 'compound': 0.0}",,1,,"['bughead', 'choni', 'young', 'falice']",bughead choni young falice
Haven‚Äôt seen the falice scene in far to long plz someone post it,FALSE,en,7,0,2/19/2021 15:51,1.36279E+18,"{'neg': 0.0, 'neu': 0.902, 'pos': 0.098, 'compound': 0.0772}",,1,,"['seen', 'falice', 'scene', 'far', 'long', 'plz', 'someone', 'post']",seen falice scene far long plz someone post
