tweets,quote_status,language,favorite_count,retweet_count,time,id
/ fuck straight ships JARCHIE all the way.,False,en,3,0,2021-02-27 04:41:40,1365522464772603904
"y‚Äôall i don‚Äôt hate jarchie i think they have potential and i think jughead‚Äôs had feelings for archie. but my god... some of their shippers pissed me off so bad, like why do y‚Äôall sound like bugheads you‚Äôre supposed to be smarter https://t.co/K60rfnKaip",False,en,2,0,2021-02-27 04:28:26,1365519132758847489
"@EPoe187 I think ""power"" is the underlying factor. In some societies wealth and power are interchangeable. In others there is power money can't buy (family). And in all there are powers that are innate: beauty, intelligence, or other inborn attributes.",False,en,1,0,2021-02-27 01:37:49,1365476197400866819
@chonistan420 @chonifag omg when i come visit and we role play jarchie in a perfect location omg so excited,False,en,2,0,2021-02-27 01:12:36,1365469850500550658
RT @bugverchoni: jarchie riding bikes. that‚Äôs all. https://t.co/fSRQzyxTm4,False,en,0,28,2021-02-27 00:23:46,1365457561034641412
@riverindale listen choni swangs jarchie triple wedding tho üò≠üò≠üò≠üò≠,False,en,3,0,2021-02-26 23:34:47,1365445236781166594
"@EPoe187 @BadHombreMarcoB And unnecessary. Why not ""Hey, we're not sure what measure of protection is provided by masks yet, but we have a PPE shortage and need to come together to make those available to healthcare workers and the elderly/vulnerable until the supply crunch is addressed. ""?",False,en,0,0,2021-02-26 23:30:12,1365444080793047043
@ChrchCurmudgeon This is the quality content I come to this website for!,False,en,0,0,2021-02-26 23:27:59,1365443522078208003
@nymonologue s1 was great for jarchie but i was toni deprived so,False,en,1,0,2021-02-26 23:16:25,1365440613714427910
@aphclicn BC I SAID JARCHIE COULD DO CHILDHOOD FRIENDS TO LOVERS BETTER THAN BARCHIE AND BARCHIES WENT CRAZY üò≠ sorry guys betty might be having sex w/ archie but jughead literally lived in archie's house all alone with no gas or electricity bc it was the only place that felt like home ..,False,en,1,0,2021-02-26 20:57:48,1365405730677923840
yes i was a jarchie and beronica shipper and what about it,False,en,1,0,2021-02-26 20:53:03,1365404535074643968
@nymonologue BHS WISH THEY HAD SOMETHING AS GOOD FOR THEIR SHIP AS ENDURING YET MORE COMPLEX LIKE JUST ADMIT Y‚ÄôALL WILL NEVER AMOUNT TO JARCHIE‚ÄôS RELATIONSHIP AND LEAVE!!!,False,en,1,0,2021-02-26 19:54:37,1365389829035360257
@swangsnation the set designer is a jarchie love it here,False,en,3,0,2021-02-26 18:57:54,1365375553524674573
@TABlTHATATE this is JARCHIE,False,en,0,0,2021-02-26 18:39:58,1365371043620089857
@archiesbettyy I read jarchie for a moment and spilled my coffee üòÇ,False,en,0,0,2021-02-26 17:58:22,1365360575367188480
oh jarchie love story we're really in it now........,False,en,2,0,2021-02-26 16:59:45,1365345822678913025
god damn it. I AM SUCH A JARCHIE STAN https://t.co/Rj8E9FCCtu,False,en,2,0,2021-02-26 16:16:03,1365334822487543812
jarchie endgame confirmed??? https://t.co/sg4bO8yUOH,False,en,1,0,2021-02-26 15:55:11,1365329572951175168
@bugverchoni OMG U R JARCHIE ??,False,en,0,0,2021-02-26 15:21:55,1365321201799806976
"RT @kat__writes: #Varchie? #Barchie? #Tabihead (Or is it #Jugitha?)? 

Where #Riverdale romance will go, no one knows, but I‚Äôm still reelin‚Ä¶",False,en,0,6,2021-02-26 14:45:56,1365312146846982146
"@jugxc and i didnt need it esp when u comment on all of my jarchie tweets , run along now",False,en,1,0,2021-02-26 14:23:35,1365306521039613955
See Jarchie endgameüï∫üèª https://t.co/kzRB8314YH,False,en,0,0,2021-02-26 14:01:47,1365301033333841931
they said ****jarchie endgame üòê,False,en,0,0,2021-02-26 11:20:18,1365260396333068288
@tyreseee_ riverdale is a great show if u watch it the right way [ jarchie long con and sexy women ] wandavision is a great show if u watch it the right way [ kathryn hahn ],False,en,0,0,2021-02-26 08:01:13,1365210295526809600
swangs and jarchie and robron ping ponging around in my brain üß†,False,en,5,0,2021-02-26 07:02:21,1365195480943198213
#Jarchie in an empty house works tho. Like a lot.,False,en,0,0,2021-02-26 06:25:14,1365186138584076289
gladys maior shipper de jarchie,False,en,0,0,2021-02-26 04:50:27,1365162287498166273
RT @lilisjacey: jarchie roommates lasted a total of 1 episode this is so sad,False,en,0,3,2021-02-26 04:45:25,1365161019631407106
they OPENED with domestic jarchie losing my mind,False,en,0,0,2021-02-26 04:31:44,1365157578045616130
@forsytheandrews didn‚Äôt he say something similar to that about the jarchie scene in the graduation episode?,False,en,1,0,2021-02-26 04:17:20,1365153953973895168
@riverindale i believe in it as much as i believe in jarchie longcon,False,en,0,0,2021-02-26 04:13:57,1365153101905162240
who has jarchie in the bunker tunnel gif,False,en,1,0,2021-02-26 04:02:19,1365150174524432384
@reddiephobic LAURIE IS A JARCHIE,False,en,2,0,2021-02-26 03:55:49,1365148539983118337
remembering how i used to insistently call jarchie archead. what a time. should we bring that back,False,en,2,0,2021-02-26 03:31:46,1365142487610851331
"@swangsnation The layers to the editing of this song, beronica, Jarchie, swangs. Crazy for this",False,en,2,0,2021-02-26 03:11:38,1365137419415130113
@rcnniekins they don‚Äôt believe in jarchie longconüòî,False,en,3,0,2021-02-26 03:05:31,1365135879765962753
@itssjughead Jarchie is real,False,en,0,0,2021-02-26 03:04:00,1365135498432372736
@milfyswift THE JACTING JOICES (jarchie acting choices and jordan connor acting choices),False,en,2,0,2021-02-26 02:50:36,1365132124265840640
@jugheadology @chonistan420 @blossomsvoid omg.... no more jarchie fanfic guys go home,False,en,3,0,2021-02-26 02:41:14,1365129769784930307
@jugheadology @riverindale when ur the only literate mf in the jarchie community... we r pleading,False,en,2,0,2021-02-26 02:36:22,1365128545064861706
"@bartsytruther they saw one clip of riverdale and decided thats all the show is, they dont understand the emotional complexity that is the riverdale jarchie romcom",False,en,1,0,2021-02-26 02:33:41,1365127867991027714
@casachillean they didn‚Äôt understand the jarchie longcon!,False,en,1,0,2021-02-26 02:32:06,1365127471369052164
"@bartsytruther they dont know about the art of jarchie clearly, 1/2 their otp is a cop",False,en,1,0,2021-02-26 02:31:25,1365127298953920514
"I still don‚Äôt get why you don‚Äôt like barchie but you like jarchie now though? ‚Äî if you want people to join your fandom so bad, be funnier. i probably wouldn‚Äôt like jarchie as much if ari wasn‚Äôt so funny!  https://t.co/mcOVMiIT5J",False,en,14,0,2021-02-26 02:22:20,1365125012580089860
RT @riverindale: me and my jarchie mutuals when we start unionizing https://t.co/hxWcKw294c,False,en,0,3,2021-02-26 01:58:48,1365119092345208832
me and my jarchie mutuals when we start unionizing https://t.co/hxWcKw294c,False,en,16,3,2021-02-26 01:52:56,1365117612221464578
"Ok jarchie rights ""my sweet prince"" gay as hell",False,en,2,0,2021-02-26 01:25:30,1365110711484047362
@milfyswift NO BC THE WAY JARCHIE COULD. how are they finding these tweets like i saw them before and like anyone who says anything less than positive abt ba it‚Äôs their time to attack like it‚Äôs a white cishet ship stop defending it with your life. there‚Äôs like 10 of the same copy üò≠üò≠üò≠,False,en,1,0,2021-02-26 01:24:51,1365110545448390656
@saintopacio I DONT KNOW the funny part is that this started also from a tweet i made saying that jarchie can serve childhood friends to lovers better and barchies got SO heated op was the first to quote me too like ??? are you a fan.. the way idc about fanwars i dont even know these ppl üò≠,False,en,1,0,2021-02-26 01:18:56,1365109056965328896
@milfyswift @chonifag as usual the choni/jarchie/swangs side are being REASONABLE unlike everyone else ü§ì,False,en,3,0,2021-02-26 01:17:48,1365108770477662208
This tweet is for a very targeted audience but imagine a jarchie komahina au where jughead gets the despair/liar disease and tells archie he wants nothing to do with him and archie fucking leaves,False,en,2,0,2021-02-26 00:55:11,1365103081344630786
@emilybrontes call me when they do the jarchie new york monologue on eastenders,False,en,2,0,2021-02-26 00:43:31,1365100143083626504
"@cherubliv this is my truth: liv watches riverdale every week, aaron doesnt ‚Äúwatch it‚Äùbut he stands in the living room, beer in hand, when it‚Äôs on he doesn‚Äôt comment on it but he knows jarchie is real",False,en,1,0,2021-02-26 00:34:06,1365097773599629313
@emilybrontes maybe if they understood the jarchie longcon ü§£,False,en,1,0,2021-02-26 00:30:32,1365096877482405894
"@choniwillows jarchie would be my endgame if they had any chance of happening but if they ever did, you know damn well i‚Äôll be in their corner",False,en,0,0,2021-02-25 23:52:35,1365087327920480262
@shslluck oh thank jughead i wasnt sure if RAS was ending the ep on jarchie turbohell to be a bitch as we all wait til july to find out what happene to them,False,en,1,0,2021-02-25 23:46:43,1365085849738567683
why r straight rvd fans always arguing abt ships JARCHIE ALMOST DIED???,False,en,1,0,2021-02-25 23:43:40,1365085083741298688
THE END OF 5X06... JARCHIE GOES TO TURBOHELL??!,False,en,2,0,2021-02-25 23:35:19,1365082981459587077
what the heck this domestic jarchie moment,False,en,3,0,2021-02-25 22:39:54,1365069034472042503
@rcnniekins the jarchie varchie solidarity is real https://t.co/iHxqmWiO7S,False,en,2,0,2021-02-25 19:57:47,1365028238259609603
my jarchie moots literally always on another plane of existence sorry het-shippers y‚Äôall can never and will never reach them,False,en,26,0,2021-02-25 19:52:59,1365027028550840320
Gladys jarchie shipper hermosa beronica shipperüòç,False,en,0,0,2021-02-25 19:22:23,1365019327901138944
"RT @mcbelz: ICYMI Facebook COO Sheryl Sandberg, self-described 'friend to many women' and #leanin pro, OK'd blocking the YPG/YPJ on FB in T‚Ä¶",True,en,0,7,2021-02-25 19:06:11,1365015250345467905
bughead* jarchie was cute but varchie or whatever it‚Äôs called ain‚Äôt it https://t.co/mWAGUCEore,True,en,1,0,2021-02-25 18:38:10,1365008202006462465
this episode said jarchie rights,False,en,0,0,2021-02-25 18:38:00,1365008161367801861
@riverindale the stoner jarchie fic i have sitting in my drafts is typing...,False,en,3,0,2021-02-25 18:31:26,1365006506517663745
OMG ARCHIE‚ÄôS HOUSE IS ON FIRE üò≠ Jarchie together in a house fire üò≠ #riverdale,False,en,0,0,2021-02-25 18:17:22,1365002965451440130
@RiverdaleDark do you think britta will be involved in the mysteries somehow? also love the podcast pls say jarchie endgame,False,en,3,0,2021-02-25 18:15:16,1365002439305416705
THE END WHO IS TRYNA BURN JARCHIE ????????? i love this show,False,en,1,0,2021-02-25 17:50:56,1364996314895839235
"@jarchie Thanks.

The consensus seems to be that I need a secretary.",False,en,2,0,2021-02-25 16:52:25,1364981588946280450
i still can‚Äôt believe jarchie roommates happened,False,en,0,0,2021-02-25 16:47:35,1364980370790350849
"JARCHIE ROOMATES WHO ARE ALSO BFS ERA!!!! ""GOOD NIGHG MY SWEET PRINCE"" ARE U KIDDINH MEEEE",False,en,0,0,2021-02-25 16:46:27,1364980088396255234
30 seconds in and Jarchie slays b*ghead and b*rchie chemistry üî•,False,en,0,0,2021-02-25 16:45:11,1364979766831550470
GOODNIGHT MY SWEET PRINCE!! Oh my god this Jarchie scene is so f domestic. Shut up!!! #riverdale,False,en,1,0,2021-02-25 16:44:21,1364979560530538497
"@kat__writes YES, the #Jarchie! üòä",False,en,1,0,2021-02-25 16:29:17,1364975766014857216
"@DeanAbbott Space those tasks out between other tasks.  When possible, partner with those who are good at fine details but need your strengths. Give yourself grace.  Don't give up on getting better, but be realistic.",False,en,1,0,2021-02-25 16:11:56,1364971400981700608
RT @timkellernyc: Tolerance can't include hating people you think are intolerant. It's about how your beliefs lead you to treat those peopl‚Ä¶,False,en,0,389,2021-02-25 16:03:49,1364969356082311168
@emstopaz if it is thought enough it def could be connected to jarchie,False,en,1,0,2021-02-25 16:02:35,1364969047167746056
"#Varchie? #Barchie? #Tabihead (Or is it #Jugitha?)? 

Where #Riverdale romance will go, no one knows, but I‚Äôm still reeling over all those #Jarchie scenes they gave us last night.

Let‚Äôs go ‚ÄúBack To School‚Äù ‚Äî here‚Äôs my review! https://t.co/YDCDOgXKNK",False,en,27,6,2021-02-25 15:59:12,1364968196500058114
WHAT are this parallels between jarchie and a MARRIED gay couple,False,en,0,0,2021-02-25 15:44:27,1364964486130589704
RT @heather__cat: 53 seconds into new riverdale I text Hailey ‚ÄúI think the jarchie longcon might be back on‚Äù let‚Äôs see how this goes wrong‚Ä¶,False,en,0,1,2021-02-25 15:43:06,1364964144252878850
53 seconds into new riverdale I text Hailey ‚ÄúI think the jarchie longcon might be back on‚Äù let‚Äôs see how this goes wrong for me,False,en,2,1,2021-02-25 15:02:00,1364953803192213511
"#Riverdale 
As for #kangs ADORABLE üíó
#kevin and #betty friendship is ü•∫üíó
#alice i hope she finds happiness soon
I want #polly to return
#jarchie- supportive 
I didn‚Äôt like the andrews house burnin down like that üò≠ 
And hiram and chad are ugh ü§¶üèª‚Äç‚ôÄÔ∏è 
Reggie is üëÄüë©üèª‚Äçü¶Ø",False,en,1,0,2021-02-25 14:38:45,1364947948669460488
RT @barchiejarchie: When jughead and archie die in the fire and jarchie gets afterlife endgame then what,False,en,0,3,2021-02-25 14:20:14,1364943291322675200
@shslluck Goood jarchie morning soren ^_^,False,en,1,0,2021-02-25 14:05:33,1364939595306131461
Good jarchie morning everyone,False,en,18,0,2021-02-25 14:02:45,1364938891892031488
i will sleep well tonight thinking of jarchie,False,en,0,0,2021-02-25 13:58:08,1364937729792827396
not jarchie getting hatecrimed at the end,False,en,1,0,2021-02-25 13:19:02,1364927890853228546
did they just...parallel jarchie with kangs..,False,en,0,0,2021-02-25 13:04:16,1364924174452449285
damn we opening this riverdale episode with full-on domestic jarchie,False,en,0,0,2021-02-25 13:03:26,1364923961658601473
i stopped caring about riverdale after season 2 but goddamn barchie in the latest episodes almost made me BARF... jarchie when...,False,en,0,0,2021-02-25 13:02:22,1364923693621776388
"okay that‚Äôs my serotonin over for another week, domestic jarchie highlight of my life",False,en,1,0,2021-02-25 12:57:12,1364922393278492676
NOT JUGHEAD CALLING ARCHIE SWEET PRINCE JARCHIE ROOMMATES RISE,False,en,3,0,2021-02-25 12:15:02,1364911782851182592
RT @srsoto26: I wanted Jarchie roommates so bad if the fire ruins it.... üò≠ #Riverdale,True,en,0,4,2021-02-25 10:28:34,1364884991033933830
Why do you like jarchie all of the sudden but still don‚Äôt ship barchie? Both are childhood friends but atleast ba‚Ä¶ ‚Äî idk what u mean by this but it feels phobic  https://t.co/vK3iiBDZaQ,False,en,1,0,2021-02-25 10:17:59,1364882324178018305
RT @nymonologue: why the cut from jarchie to kangs https://t.co/CdPggasrmy,False,en,0,2,2021-02-25 10:06:49,1364879517534330880
every single thing about jughead and archie living together is so delightful... jarchie marchie on its way,False,en,2,0,2021-02-25 09:56:51,1364877008187105281
starts of w jarchie YES,False,en,0,0,2021-02-25 08:02:31,1364848234666074115
jarchie longconners we have more of your favorite juice in the timkon fandom,False,en,1,0,2021-02-25 07:39:25,1364842423382253570
@Neil_McNeil jarchie-my-sweet-prince.gif,False,en,3,0,2021-02-25 07:34:18,1364841134665703424
@speliviaa They are so stale their friendship isn‚Äôt been real my girl betty doesn‚Äôt care for veronica also where are the beronica scenes time jump I see none only jarchie,False,en,0,0,2021-02-25 06:53:39,1364830902228901891
@bugvarchieanti @archietonis JARCHIE IS BETTER!,False,en,1,0,2021-02-25 06:47:53,1364829452140613633
why the cut from jarchie to kangs https://t.co/CdPggasrmy,False,en,15,2,2021-02-25 06:25:17,1364823766891524096
the jarchie crumbs this episode https://t.co/DVnZu2trUu,False,en,3,0,2021-02-25 06:21:56,1364822923085836289
@bugverchoni dragging jarchie into this and For What,False,en,2,0,2021-02-25 06:20:59,1364822682953420805
bruh my tweets wont sent on mobile... im being censored by the anti jarchie army,False,en,2,0,2021-02-25 05:06:54,1364804040794796034
we finally got jarchie playing house husbands and hirams home of phobic arse had to ruin it https://t.co/qFG3OORaaP,False,en,2,0,2021-02-25 04:50:29,1364799908679610370
There were so many fanfic worthy jarchie scenes this episode,False,en,72,0,2021-02-25 04:39:01,1364797021660590082
"RT @RiverdaleDark: #Jarchie friendship, you love to see it",False,en,0,8,2021-02-25 04:36:50,1364796471954919424
@RiverdaleWriter Jarchie friends to lovers~,False,en,2,0,2021-02-25 04:14:40,1364790893027487747
the levels to this where it was ‚Äúarchie do you want more‚Äù [GAY COUPLE] and also fangs looking at kevin like ‚Äúwell...maybe there is something more im searching for‚Äù swangs and jarchie endgame  https://t.co/WScqWAlDvO,False,en,9,0,2021-02-25 04:04:23,1364788305754259466
david posting on riverdale day is proof of the jarchie to diego longcon,False,en,4,0,2021-02-25 03:43:23,1364783022416015361
@nymonologue JARCHIE AFTERLIFE ENDGAME????,False,en,3,0,2021-02-25 03:35:39,1364781075969564672
@RiverdaleWriter I don‚Äôt think the Jarchie friendship will survive this storyline,False,en,12,0,2021-02-25 03:29:34,1364779543828004865
@cherubliv @riverindale when i make jarchie wonderwall then you‚Äôll all see....,False,en,2,0,2021-02-25 03:25:49,1364778601820934144
@srsoto26 how do you feel  about  us not seeing beronica hang out or even talk 1 on 1 yet ?  and do u think jarchie having this some what of bro moments is just to make the big blow up even worse ?,False,en,0,0,2021-02-25 03:17:11,1364776428634599426
I wanted Jarchie roommates so bad if the fire ruins it.... üò≠ #Riverdale https://t.co/1cESTD552h,True,en,171,4,2021-02-25 03:11:21,1364774958686220288
#Jarchie friendship YES https://t.co/BNn1xQqJko,True,en,9,2,2021-02-25 03:02:04,1364772622203031552
@riverindale jarchie supremacy,False,en,3,0,2021-02-25 02:51:47,1364770037945364483
@barchiejarchie @nymonologue here‚Äôs how jarchie can still win,False,en,2,0,2021-02-25 02:51:20,1364769924112089090
When jughead and archie die in the fire and jarchie gets afterlife endgame then what,False,en,50,3,2021-02-25 02:50:47,1364769782994784258
@RiverdaleWriter you guys better fix my jarchie boys ü•∫‚ù§,False,en,5,0,2021-02-25 02:47:51,1364769045107650560
RT @ismsandsundry: im so used to erin screaming abt jarchie longcon i was genuinely shocked to see bughead has the vAST majority of fics on‚Ä¶,False,en,0,1,2021-02-25 02:27:09,1364763838692921345
im so used to erin screaming abt jarchie longcon i was genuinely shocked to see bughead has the vAST majority of fics on ao3,False,en,7,1,2021-02-25 02:26:07,1364763577639448577
i just want people to be nice to cheryl and for jarchie to have more hanging out and being pals scenes????,False,en,0,0,2021-02-25 02:23:03,1364762805212237830
jarchie roommates lasted a total of 1 episode this is so sad,False,en,56,3,2021-02-25 02:21:02,1364762298729062406
@modrrngrrl NOO AND MIA I HAVE MIA TOO.  CARING ABOUT JARCHIE DOES NOT COUNT AS BEINF TOO SERIOUS BTW,False,en,2,0,2021-02-25 02:18:50,1364761745621803011
@NICKR0B sorry i am not funny and care deeply about jarchie :(((,False,en,2,0,2021-02-25 02:16:49,1364761234566832128
RT @nymonologue: that was in juvie while archie was on his own so that means jarchie have discussed archie‚Äôs time in juvie god this is so i‚Ä¶,False,en,0,1,2021-02-25 02:09:52,1364759487509323776
jarchie dies next ep i guess damn :/ #cwisoverparty,False,en,5,0,2021-02-25 02:02:56,1364757741496127494
just finished that episode of riverdale and all i have to say is jarchie endgame,False,en,3,0,2021-02-25 02:02:32,1364757641424220161
jarchie death trope‚ù§Ô∏è,False,en,0,0,2021-02-25 02:01:05,1364757279241822209
JARCHIE KISS OF FIRE ENDGAME?,False,en,2,0,2021-02-25 02:01:02,1364757266029633540
Thats probably Squeaki but ayyyy Jarchie in their PJs like old gays. I'll take it.,False,en,0,0,2021-02-25 02:00:59,1364757253904093184
JARCHIE AFTER LIFE ENDGAME HERE WE COME,False,en,3,0,2021-02-25 02:00:35,1364757153387528192
jarchie gonna die together so true,False,en,2,0,2021-02-25 02:00:18,1364757081060950016
jarchie afterlife endgame?? okay!!,False,en,2,0,2021-02-25 01:45:22,1364753321005842435
that was in juvie while archie was on his own so that means jarchie have discussed archie‚Äôs time in juvie god this is so important to the me community,False,en,18,1,2021-02-25 01:40:54,1364752198605762560
JARCHIE X TERMS OF ENDEARMENT SOS,False,en,0,0,2021-02-25 01:40:19,1364752050609864708
jarchie againnn,False,en,0,0,2021-02-25 01:40:03,1364751985501556736
RT @doraspenlows: the jarchie hivemind never loses because we care about the plot and if not the plot we can at least lenjoy serpent tattoo‚Ä¶,False,en,0,3,2021-02-25 01:37:21,1364751303637934087
literally like. superdale never loses except britta is insane so it was a lose but it also was a win for destiel to jarchie pipeline,False,en,12,0,2021-02-25 01:32:16,1364750025079857152
jarchie oomfs are making me feel deranged we're only 26mins in,False,en,5,0,2021-02-25 01:26:19,1364748527843295234
jarchie goodnight sweet prince https://t.co/F8Q0HfYfTy,False,en,11,0,2021-02-25 01:25:10,1364748239875014656
RT @nymonologue: post-episode jarchie hamlet discussion when,False,en,0,3,2021-02-25 01:24:22,1364748039068540931
post-episode jarchie hamlet discussion when,False,en,11,3,2021-02-25 01:22:59,1364747690718814210
RT @genderhead: NOT ON JARCHIE ROOMMATES NIGHT!!!!!!!,True,en,0,1,2021-02-25 01:06:10,1364743455654744065
NOT ON JARCHIE ROOMMATES NIGHT!!!!!!! https://t.co/lGNLHK2gs4,True,en,7,1,2021-02-25 01:05:36,1364743315631955971
"sweet prince, jarchie canon

kevin, fangs, and toni living together

VERONICA MY GF

veronica is so pretty",False,en,0,0,2021-02-25 01:03:53,1364742880389070850
YOUNG JARCHIE?,False,en,0,0,2021-02-25 01:02:54,1364742633961254915
jarchie was so cute,False,en,3,0,2021-02-25 01:02:05,1364742429895774209
jarchie is cute here,False,en,0,0,2021-02-25 01:01:57,1364742397033385988
RT @live_riverdale: archie and jugheads friendship is so powerful for what readon #Jughead #Archie #jarchie #Riverdale #riverdale5,False,en,0,1,2021-02-25 01:01:40,1364742322643218436
jarchie so true,False,en,0,0,2021-02-25 01:01:33,1364742293517967367
jarchie being fed &amp; beronica non existent üíî,False,en,1,0,2021-02-25 01:01:26,1364742264942116866
okay jarchie,False,en,0,0,2021-02-25 01:01:25,1364742263130230785
oh good for u jarchie nation lol,False,en,0,0,2021-02-25 01:01:19,1364742236165050369
aw homely jarchie,False,en,1,0,2021-02-25 01:01:17,1364742229990998021
GOODNIGHT SWEET PRINCE jarchie is endgame WBK,False,en,0,0,2021-02-25 01:01:15,1364742220247662593
NOT JARCHIE GOOD NIGHT SWEET PRINCE FUCK,False,en,3,0,2021-02-25 01:01:13,1364742212198817799
"#Jarchie friendship, you love to see it",False,en,77,8,2021-02-25 01:01:13,1364742211280207872
archie and jugheads friendship is so powerful for what readon #Jughead #Archie #jarchie #Riverdale #riverdale5,False,en,1,1,2021-02-25 01:01:06,1364742183820156932
goodnight sweet prince hey jarchie üòòüòòüòò,False,en,0,0,2021-02-25 01:01:00,1364742156016103425
starting with jarchie yup yup,False,en,3,0,2021-02-25 01:00:58,1364742147598032905
jarchie scene already we win,False,en,1,0,2021-02-25 01:00:55,1364742137808646148
so true jarchie scene first,False,en,1,0,2021-02-25 01:00:49,1364742112076513280
DOMESTIC JARCHIE #Riverdale,False,en,0,0,2021-02-25 01:00:45,1364742094850506757
JARCHIE IMMEDIATELY PLEASE,False,en,6,0,2021-02-25 01:00:39,1364742067130413056
JARCHIE RIGHTS ‚ÄºÔ∏è,False,en,0,0,2021-02-25 01:00:34,1364742046901293064
JARCHIE YUPPP,False,en,0,0,2021-02-25 01:00:27,1364742019550228480
the jarchie hivemind never loses because we care about the plot and if not the plot we can at least lenjoy serpent tattoo focus triangulation of desire,False,en,12,3,2021-02-25 00:53:45,1364740334069161985
@riverindale do it for erin meme on my wall w jarchie ss's all over it,False,en,1,0,2021-02-25 00:10:28,1364729438999511041
now im gna wind up drawing jarchie again,False,en,6,0,2021-02-25 00:08:34,1364728962757193732
RT @nymonologue: u are the jarchie version of kyle n he‚Äôs the beronica version of u ‚Äî this is actually very sweet https://t.co/YObtv18unQ,False,en,0,1,2021-02-24 22:41:49,1364707129031077890
@wil_da_beast630 @jasonintrator Nice - using lack of academic output as a metric against people claiming their work is being censored? LOL!,False,en,1,0,2021-02-24 22:40:53,1364706896460926976
u are the jarchie version of kyle n he‚Äôs the beronica version of u ‚Äî this is actually very sweet https://t.co/YObtv18unQ,False,en,7,1,2021-02-24 21:58:09,1364696142114476035
RT @demonicones: jarchie&gt; butun riverdale shipleri don't change my mind https://t.co/i50mRVTcVN,False,en,0,1,2021-02-24 21:36:11,1364690612554002435
RT @chonistan420: JARCHIE SHIPPERS HAVE STORMED THE CAPITAL OMFGGG https://t.co/Xqm7mfJTko,False,en,0,1,2021-02-24 20:18:57,1364671174723174401
@chonistan420 filming a jarchie shipper wo his permission is illegal in the state of massachusetts!,False,en,2,0,2021-02-24 20:18:44,1364671122898378754
JARCHIE SHIPPERS HAVE STORMED THE CAPITAL OMFGGG https://t.co/Xqm7mfJTko,False,en,6,1,2021-02-24 20:18:04,1364670952399855617
jarchie&gt; butun riverdale shipleri don't change my mind https://t.co/i50mRVTcVN,False,en,7,1,2021-02-24 18:01:58,1364636702963286021
"@DeanAbbott But in all seriousness, you're correct. Some of it is due to folks inability to grasp the brevity mandated by Twitter. Some of it to the innate argumentativeness that seems to go hand in hand with a love of ideas. And some of it to a culture that rewards 'dunking' on others.",False,en,1,0,2021-02-24 15:59:56,1364605994068631558
@TaraAnnThieke Thank you,False,en,1,0,2021-02-24 15:53:06,1364604274789900294
i just woke up from a dream where they made jarchie (jughead and archie‚Äôs canon shipname) canon and they were fucking for like 2 weeks and then they told veronica and betty they were just chill with it so they just kept doing it and i‚Äôm ??????? the riverdale brian rot is too real,False,en,1,0,2021-02-24 15:45:17,1364602308047343617
@juqhaed i love ur name sm and UR THE BEST JARCHIE SO TRUE,False,en,1,0,2021-02-24 15:45:16,1364602303005736972
@CultOfArchie the jarchie hivemind continues...,False,en,1,0,2021-02-24 14:59:51,1364590871186993159
Cuz why jarchie ate them up? https://t.co/kikNyMVgoc,True,en,3,0,2021-02-24 12:18:00,1364550141554823170
@gaythejae YEAH LIKE YOU GOTTA SUFFER THRU THE BEGINNING BUT ONCE YOU GET TO THE ACTUAL SONG IT'S WHEN IT MATCHES UP..... YOU GOTTA WAIT. LONGCON JUST LIKE JARCHIE &lt;3,False,en,1,0,2021-02-24 07:15:09,1364473926043136000
@kickdshins YESSSSS ur jarchie january era......,False,en,1,0,2021-02-24 05:55:12,1364453806591905793
@ylissebian ill write jarchie.,False,en,1,0,2021-02-24 05:48:34,1364452137036570624
"when it got to list of ships they included stevetony, Tom and greg, jarchie but NOT cherik.... ladies it‚Äôs time to stop gatekeeping we can‚Äôt let the ogs get disrespected like this https://t.co/VbiI05KhVJ",True,en,3,0,2021-02-24 05:25:07,1364446235793391619
ok so i‚Äôm all for jarchie &amp; beronica obvs but varchie highkey cute sometimes,False,en,0,0,2021-02-24 04:42:45,1364435574657064962
RT @nymonologue: it‚Äôs the jarchie longcon because jughead is a character with one of the most extensive gay-coded histories (having been ob‚Ä¶,False,en,0,1,2021-02-24 02:45:11,1364405985566203909
"it‚Äôs the jarchie longcon because jughead is a character with one of the most extensive gay-coded histories (having been obviously barred by the comics code authority) and archie has always been symbolic of heterosexuality, but ras really wants him to be gay. it‚Äôs multifaceted https://t.co/Xm4JmyGRbm",False,en,15,1,2021-02-24 02:42:31,1364405315744141313
RT @troubIemakers: you have to announce jarchie and jaehyun guest character to cover this @CW_Riverdale,False,en,0,2,2021-02-24 02:29:59,1364402163280195589
you have to announce jarchie and jaehyun guest character to cover this @CW_Riverdale,False,en,9,2,2021-02-24 02:26:43,1364401339820896261
"RT @therituaI: here‚Äôs how jarchie can still win 

https://t.co/TZNZChrPQ5",True,en,0,2,2021-02-24 01:44:39,1364390753288548359
@therituaI when at the end of the season out of nowhere it becomes jarchie/beronica centric https://t.co/QNwVU4ZCIG,False,en,1,0,2021-02-24 01:34:32,1364388207412932610
@therituaI the crazy part is RAS only wanted to become in charge of archie comics cuz they wouldnt let him do a play where jarchie was canon just for him to get the rights and queerbait and never make any of the core four lgbtq+,False,en,1,0,2021-02-24 01:32:20,1364387654398218243
JARCHIE MY BELOVED,False,en,5,0,2021-02-24 01:31:40,1364387485753614336
riverdale owes financial compensation for every time they queerbaited jarchie and beronica shippers,False,en,4,0,2021-02-24 01:29:38,1364386976460374020
@daylightlesbian when i send the entire album@to jarchie chat via voice memo,False,en,2,0,2021-02-24 01:03:10,1364380312382357508
"here‚Äôs how jarchie can still win 

https://t.co/TZNZChrPQ5 https://t.co/Yxq1fLtYE0",True,en,13,2,2021-02-24 01:02:30,1364380146929709057
@riverindale reggie is both jarchie‚Äôs and swangs‚Äôs third,False,en,1,0,2021-02-24 00:40:53,1364374707030556674
jarchie bleachers scene https://t.co/mTTc9PFPld,False,en,3,0,2021-02-24 00:01:37,1364364824495415299
betty is n1 jarchie truther its true https://t.co/aAPgJT6TVN,True,en,7,0,2021-02-23 22:33:45,1364342713924132870
anyone else a jarchie https://t.co/NFjd2djDND,False,en,2,0,2021-02-23 22:08:27,1364336345532030978
"@DeanAbbott Josh Garrels or Josh White
https://t.co/Ca3SrBMA3N",False,en,1,0,2021-02-23 20:35:51,1364313042805084162
RT @jugsdick: YALL FUCKING REALISE SHIPPING BERONICA JARCHIE AND TUGHEAD IS COMPLETELY DIFFERENT TO SHIPPING CHUGHEAD CHERYL IS A CANON LES‚Ä¶,False,en,0,4,2021-02-23 20:21:12,1364309353038282753
"those two homophobic bh shippers on insta need to understand that ppl shipping Beronica, jarchie, and Tughead are not the same as ppl shipping Cheryl who is a canon lesbian with men.",False,en,6,0,2021-02-23 19:24:52,1364295176332713991
YALL FUCKING REALISE SHIPPING BERONICA JARCHIE AND TUGHEAD IS COMPLETELY DIFFERENT TO SHIPPING CHUGHEAD CHERYL IS A CANON LESBIAN DONT SHIP HER WITH MEN OR ELSE ILL HARD BLOCK YOU LESPHOBES,False,en,13,4,2021-02-23 19:18:33,1364293587387756545
@jcghaed it is good one coming from a jarchie shipper /srs,False,en,1,0,2021-02-23 19:12:49,1364292144115163147
RT @shslluck: Every day I wish for jarchiegate in the style of destielgate not because I want jarchie to be canon (I do but that's besides‚Ä¶,False,en,0,1,2021-02-23 18:20:56,1364279086923792387
RT @reinhartfan_x: gladys she give me those jarchie s1 vibes and i love that!üòå https://t.co/RBtmpoSll0,False,en,0,1,2021-02-23 18:19:49,1364278807151149058
@medievaIswords old friend...... hits tooooo hard in the jarchie category,False,en,2,0,2021-02-23 17:41:48,1364269241109786625
@swangsnation @milfyswift it‚Äôs literally all about the choni swangs jarchie beronica parallels nobody understands but us,False,en,2,0,2021-02-23 17:19:34,1364263646847782912
RT @jugsdick: beronica and jarchie&gt;&gt;&gt;&gt;&gt;&gt;&gt; cishet ships,True,en,0,1,2021-02-23 17:17:25,1364263102825574401
"ALL the f/m ships in the core four suck ass. 

bh was cute, but got boring

ron was way to good for archie in every way

ba just made me hate betty/archie for what their ugly asses did to ronnie (this isn‚Äôt hate to kj or lili lol, we all know they‚Äôre sexy)

so beronica jarchie&gt;&gt;&gt; https://t.co/Gz3WO4Y7IN",True,en,5,0,2021-02-23 17:16:00,1364262749560307719
jarchie kissing would not be the serve you guys think it will https://t.co/CyszCfOsjJ,True,en,19,0,2021-02-23 17:06:27,1364260345108340741
beronica and jarchie&gt;&gt;&gt;&gt;&gt;&gt;&gt; cishet ships https://t.co/fnjXwu1NBG,True,en,9,1,2021-02-23 17:02:59,1364259470621220866
@thisishomie if i knew that there is no beronica or jarchie scenes in the episode i just play it as a background so i don‚Äôt really pay attention like i hate the show so much but i just watch it for my ships jdjdkejdje,False,en,1,0,2021-02-23 16:38:58,1364253428130734083
woah i didnt know mitski wrote about timeskip jarchie!!!! https://t.co/Sf1AiugeAJ,False,en,9,0,2021-02-23 16:16:37,1364247801819971584
@chonistan420 what if i was thinking about how francis forever is a jarchie song rn..... what would u do then,False,en,1,0,2021-02-23 16:11:55,1364246619978350592
@eviIcatra @juqhaed jarchie is real,False,en,3,0,2021-02-23 16:07:08,1364245418738143233
@therealjugjones bestie is jarchie real we need to know,False,en,3,0,2021-02-23 16:05:11,1364244924430966785
RT @juqhaed: RAS lock ur fxcking doors im coming in to make jarchie canon https://t.co/ucFt1Cmc4F,False,en,0,1,2021-02-23 15:58:57,1364243355769708544
RAS lock ur fxcking doors im coming in to make jarchie canon https://t.co/ucFt1Cmc4F,False,en,1,1,2021-02-23 15:58:16,1364243185732644864
@eviIcatra JARCHIE IS REAL IVE BEEN SAYING THIS,False,en,1,0,2021-02-23 15:52:34,1364241752937398279
@JArchie_ On me and Ja so tuff,False,en,0,0,2021-02-23 14:11:33,1364216327607640069
@JArchie_ Lol what man,False,en,0,0,2021-02-23 14:09:20,1364215771212169216
@jarchiescrown OMGMFKGMKGGMMG ALEX/HANNAH IS ON MY TOP STAN LIST RIGHT WITH JARCHIE,False,en,1,0,2021-02-23 13:54:51,1364212127892992003
@emilybrontes cherik and jarchie. Yes,False,en,0,0,2021-02-23 11:42:22,1364178786556604416
"like 90% of gay couples do not compare to cherik, destiel and jarchie i am sorry it's simply the truth",False,en,6,0,2021-02-23 11:30:35,1364175822437953538
RT @ylissebian: irish!abby: top o'the jarchie january to ye,False,en,0,3,2021-02-23 07:59:26,1364122683827310593
when tf are jarchie gonna kiss,False,en,1,0,2021-02-23 07:59:24,1364122674230878210
"@barchie2021 Riverdale
- Top Favorite Characters 
1. Betty
2. Archie
3. Toni 
- Favorite Ship: Barchie 
- Least Favorite: Varchie 
- Favorite Season: 4
- Favorite Friendship: Jarchie 
- Favorite Season Finale: 3 
- Least Favorite Character: Hiram 
- Rating: 9/10",False,en,0,0,2021-02-23 05:56:54,1364091848294342657
@vidaroccas here‚Äôs how micchy fought the jarchie war in the riverdale writers‚Äô room and won,False,en,2,0,2021-02-23 04:40:46,1364072689120530434
the domino effect of buffy the vampire slayer to biblical allegory street dancing wars vs. murder lacrosse to jarchie long-con in the glee universe,False,en,7,0,2021-02-23 04:36:34,1364071628079063040
This user has hidden this tweet from barchie and jarchie antis. LÕüeÕüaÕürÕünÕü ÕümÕüoÕürÕüeÕü.,False,en,10,0,2021-02-23 03:34:04,1364055902622543875
@milfyswift and for jarchie too tbh!! i don‚Äôt know how but i know it‚Äôs true!!,False,en,1,0,2021-02-23 03:31:19,1364055207815086083
the core four are beronica and jarchie but the core four part two are swangs and choni,False,en,14,0,2021-02-23 03:30:44,1364055061215739909
@riverindale let's manifest jarchie ny roommates endgame next feeling powerful,False,en,3,0,2021-02-23 02:25:03,1364038534798209028
the jarchie of it all!!!,False,en,1,0,2021-02-23 02:12:45,1364035435454955523
"yall let's get beronica, choni and jarchie to beat the hetero ships https://t.co/XM8Wmr0Aux",True,en,3,0,2021-02-22 23:41:37,1363997402190016519
idk they‚Äôve been growing on me honestly jarchie&gt;beronica https://t.co/7it3QinqAG,True,en,1,0,2021-02-22 22:46:16,1363983475502678018
"üèÜ6TH PLACEüèÜ

JARCHIE (JUGHEAD &amp; ARCHIE) - (10.3%) https://t.co/VwhefdQpFb",False,en,24,0,2021-02-22 22:34:16,1363980453506666496
@ForeverBarchie Since when was Jughead sarcastic? Plus now that Barchie are becoming a romantic relationship. It‚Äôs safe to say that they had a far better friendship than Jarchie or Beronica.,False,en,1,0,2021-02-22 21:59:05,1363971599121186816
@doraspenlows @shslluck i know oh my god the jarchie/varchie alliance is so powerful,False,en,3,0,2021-02-22 21:37:56,1363966278361374723
niall wrote so long about jarchie idc,False,en,0,0,2021-02-22 21:28:39,1363963942477963266
"@milfyswift jarchie shippers, go back to tumblrüôÑ",False,en,3,0,2021-02-22 21:16:15,1363960820519096321
literally 6 of these are on my jarchie playlist Help,False,en,0,0,2021-02-22 20:43:58,1363952694948483077
@nymonologue CHONI HAS NO CORRELATION TO BA BH OR JARCHIE LIKE WHAT THEY DO TO THEM,False,en,1,0,2021-02-22 20:43:21,1363952539515912193
sorry for sketching jarchie but im sick in the head https://t.co/Y7umthWklc,False,en,1,0,2021-02-22 20:38:30,1363951320240181249
RT @AMlCKS: i don‚Äôt know who told jarchie stans that anyone actually wants any of their input on anything but... we know alice is a pretty‚Ä¶,False,en,0,3,2021-02-22 20:22:07,1363947196853460999
i love jarchie but i think i also love jarchies and by that i mean my jarchie mutuals i love,False,en,5,0,2021-02-22 18:17:00,1363915712675409922
RT @shslluck: Being a jarchie isn't a choice like being gay or trans,False,en,0,5,2021-02-22 18:14:33,1363915092413284358
@cqlesprvses WOULD COLLAPSE IF BERONICA AND JARCHIE WERE ENDGAME https://t.co/f6XnZlr2zT,False,en,0,0,2021-02-22 18:04:50,1363912650741186567
@cqlesprvses BETTY BIGGEST BERONICA AND JARCHIE STAN A WIN https://t.co/ejntHVEhNP,False,en,0,0,2021-02-22 18:03:23,1363912283924103172
@shslluck in a way jarchie r literally lesbians üôÑ narratively and thematically &lt;3,False,en,1,0,2021-02-22 17:32:31,1363904517390168069
Being a jarchie isn't a choice like being gay or trans,False,en,35,5,2021-02-22 17:32:13,1363904440919597057
@shslluck now i may just be friends with the chillest jarchies but dont .. most of them also ship beronica. like. thats the agenda BEHIND the agenda jarchie is just an extra treat,False,en,4,0,2021-02-22 17:31:20,1363904217199636483
the plotline was deeply fucking insane but at one point i remember so clearly jughead betty and archie ended up all dating which of course meant jarchie kissed and my immediate first reaction was to come here and update all of u guys. god my dreams are sad i need enrichment,False,en,1,0,2021-02-22 17:26:07,1363902904525070336
"RT @dioramick: where did this influx of jarchie stans come from? fuck off back to tumblr. we all know y‚Äôall are white, misogynistic and les‚Ä¶",False,en,0,3,2021-02-22 17:16:33,1363900496302526464
@shslluck LESBOPHOBIC? i thought this was gonna be about how jarchie shippers hate women for not shipping archie with betty or veronica,False,en,3,0,2021-02-22 17:13:57,1363899842817380354
@milfyswift part of the reason we literally ship jarchie is thinking (knowing) betty is a lesbian and jughead is GAY LIKE WHAT,False,en,2,0,2021-02-22 17:12:48,1363899556182777858
@riverindale LITERALLY I DONT KNOW A SINGLE JARCHIE WHO DOESNT THINK BETTY IS A LESBIAN TOO LIKE WHAT ARE YOU GUYS EVEN ON ABOUT,False,en,3,0,2021-02-22 17:11:59,1363899350129266693
@riverindale one of them saying jarchie shippers are lesbophobic and misogynistic like üò≠ most of us are lesbians or trans gay men,False,en,1,0,2021-02-22 17:09:45,1363898788574859264
@riverindale it feels very weird + veiled in homophobia lol bdrchie saying jarchie will never have sex or kiss so they don't know what im on about like üò≠ what a weird gotcha moment to have ... none of us expect the two main male characters to be explicitly gay on the cw don't worry lol,False,en,3,0,2021-02-22 17:07:09,1363898131444817920
have your weird little meta debates about how every bughead/varchie/barchie scene is in fact proof of jarchie‚Äôs endgame and keep milf alice smith‚Äôs name out of your mouth????? especially on black history month ü§®,False,en,8,0,2021-02-22 17:01:30,1363896710309826561
"i don‚Äôt know who told jarchie stans that anyone actually wants any of their input on anything but... we know alice is a pretty lousy mother, we just simply don‚Äôt care? but we also don‚Äôt want to hear it from people who stan jughead ???",False,en,17,3,2021-02-22 16:58:20,1363895912926498819
@riverindale ALL BECAUSE OF ONE TWEET I MADE SAYING JARCHIE CAN DELIVER FRIENDSHIPS TO LOVER BETTER LIKE GUYS YOUR SHIP IS LITERALLY HAVING SEX WHY ARE YOU FEELING SO BOTHERED AND THREATENED,False,en,7,0,2021-02-22 16:54:16,1363894890808176643
raise ur hand if u think beronica and jarchie is real https://t.co/g5BE1lCFmG,False,en,0,0,2021-02-22 15:26:00,1363872679317635072
"@sablsss it's true, jarchie and beronica endgame",False,en,5,0,2021-02-22 15:24:50,1363872384357462016
gonna ask ppl abt jarchie hold on https://t.co/PpD4VmsSIE,True,en,0,0,2021-02-22 14:40:26,1363861212337946627
where are my jarchie moots?üòîüòî,False,en,2,0,2021-02-22 14:03:40,1363851956524109826
@dioramick this is true but im still a dyke who ships jarchie so your original tweet stays not trueüíîüíî  https://t.co/dVWFhvLSoC,False,en,0,0,2021-02-22 13:24:35,1363842122529579012
@CHAOSMAXINE NOOOO theyre coming at jarchieüíîüíî but theyre being Very Weird abt it,False,en,0,0,2021-02-22 13:23:31,1363841852164747267
Someone really thought I was @nymonologue on Omegle after I went ‚ÄúJARCHIE‚Äù,False,en,0,0,2021-02-22 11:58:36,1363820481825148930
jarchie so true https://t.co/8b2o6lUb6j,False,en,0,0,2021-02-22 11:55:22,1363819670042771457
@ALlCEJONES again what does them being horrible have to do with jarchie...........  https://t.co/dVWFhvLSoC,False,en,0,0,2021-02-22 09:34:42,1363784269835952130
@ALlCEJONES fp &amp; alice are bad parents but what does that have to do with jarchie.....quickly  https://t.co/dVWFhvLSoC,False,en,1,0,2021-02-22 09:23:13,1363781381504000004
@forsytheandrews its true u hate lesbians u pushed me down three flights of stairs &amp; k!lled my grandma in the name of jarchie,False,en,1,0,2021-02-22 09:18:10,1363780110327959556
@dioramick im a lesbian &amp; ship jarchie so what nowüßç‚Äç‚ôÄÔ∏è,False,en,0,0,2021-02-22 09:06:12,1363777098863833089
"where did this influx of jarchie stans come from? fuck off back to tumblr. we all know y‚Äôall are white, misogynistic and lesbophobic anyway so you‚Äôre opinions don‚Äôt mean shit",False,en,8,3,2021-02-22 08:28:45,1363767672282972164
and jarchie ain‚Äôt the epic friendship you think it is https://t.co/aNKSmwqAvC,True,en,7,0,2021-02-22 08:22:47,1363766171716247555
@forsytheandrews this is a good thing for me bc jarchie driver‚Äôs license album still has me fucked up in so many ways omg like fr idk if i can handle anymore,False,en,1,0,2021-02-22 07:47:19,1363757244911820802
the jarchie great gatsby au is tragic,False,en,0,0,2021-02-22 07:42:18,1363755985026875392
gn besties im turning into a jarchie https://t.co/OOelxsC4Nr,False,en,1,0,2021-02-22 05:22:51,1363720891654426625
RT @riverindale: what happened that made barchie and bughead the most popular core four ships when it used to be beronica and jarchie https‚Ä¶,False,en,0,1,2021-02-22 02:54:53,1363683652555730948
what happened that made barchie and bughead the most popular core four ships when it used to be beronica and jarchie https://t.co/CTnE8pZzuG,False,en,28,1,2021-02-22 02:48:00,1363681922480820225
"@saintopacio like you guys are aware people can have different media interpretations right also using ""jarchie are never gonna kiss so now what"" is so weird like haha lol homophobia as a gotcha moment ? üò≠ open the schools",False,en,2,0,2021-02-22 02:35:47,1363678846684434435
RT @riverindale: jopping (jarchie hopping),False,en,0,1,2021-02-22 02:34:20,1363678480962043904
jopping (jarchie hopping),False,en,8,1,2021-02-22 02:33:58,1363678389786337280
@milfyswift literally like they got it all rn and they‚Äôre worried abt JARCHIE???? like relax no one‚Äôs gonna take the shower scene away from you and replace b and jh like no one,False,en,1,0,2021-02-22 02:31:56,1363677877015822336
@riverindale @reddiephobic the way all 3 of us have dark alley fob on our jarchie playlists. Exactly,False,en,2,0,2021-02-22 02:24:33,1363676020856016896
@dylsbrien Everyone on my tl talking sh*t about jarchie. üò≥,False,en,1,0,2021-02-22 02:24:22,1363675972273246210
anyways. stream my jarchie playlist besties https://t.co/DrFmGZz0dM,False,en,4,0,2021-02-22 02:23:31,1363675757743116289
why are we fighting with jarchie‚Äôs when that‚Äôs never gonna be canonüò≠,False,en,5,0,2021-02-22 02:21:52,1363675344079880200
@fbibetty it was them being mean to jarchie I FORGOT IT ALREAFY IM SORRY MY BRAIN IS MESSED,False,en,0,0,2021-02-22 02:16:51,1363674082806550530
time to defend jarchie on the internet,False,en,1,0,2021-02-22 02:10:30,1363672484416008192
not barchie and jarchie oomfs fighting what have we become https://t.co/83OWnuGddc,False,en,8,0,2021-02-22 02:10:18,1363672433849487363
i must defend jarchie from barchies that think having feel good shower sex is the epitome of romance on the internet,False,en,19,0,2021-02-22 02:07:40,1363671771606618113
@bdrchie jarchie can't be a pretty ship because jughead ugly https://t.co/MOqGg38L1x,False,en,11,0,2021-02-22 01:59:48,1363669789449867265
need riverdale bughead varchie and jarchie moots please,False,en,0,0,2021-02-22 01:12:53,1363657982953807875
@forsytheandrews i just hate how they pretend jarchie hates each other like. are we watching the same show. why would archie be upset about letting him move in his house are you dumb.,False,en,1,0,2021-02-22 00:54:31,1363653360113565700
can you stop getting so mad over what local barchies have to say about jarchie please i can‚Äôt take seeing this slander from you on tl ‚Äî hdjsjjdjdjj i‚Äôm sorry i saw too many viral tweets about that scene a little slander was deserved https://t.co/Fd61aAx6Oj,False,en,5,0,2021-02-22 00:51:41,1363652647832625153
@cherylbloss0m SHSPSGSODJJD beronica choni jarchie swangs and i genuinely can't remember more ?? betty and donna maybe ? jughead and bret üò≠,False,en,0,0,2021-02-21 22:58:05,1363624061813850115
"@sprcole ur telling me we got lucky and was able to get 

a beronica kiss 
a choni kiss 
a jeronica kiss 
a barchie kiss 
a varchie kiss 
a bughead kiss 

BUT NO JARCHIE??? HOMOPHOBIA",False,en,1,0,2021-02-21 21:53:37,1363607834655653890
@nymonologue not #anti rom!jarchie üò≠,False,en,1,0,2021-02-21 21:44:28,1363605535564660744
RT @juqhaed: Jarchie is Real if u dont agree ur lame,False,en,0,1,2021-02-21 21:39:05,1363604181089742849
Jarchie is Real if u dont agree ur lame,False,en,0,1,2021-02-21 21:38:56,1363604139637428229
Riverdale should say fuck b/rchie and b/ghead Jarchie is endgame! Ahsjsjsjs the dark horse of the show üòÇ,False,en,0,0,2021-02-21 21:29:48,1363601842471632904
"RT @milfyswift: ""can u please turn in your assignment"" no but i can give a detailed explanation about jarchie longcon intricate rituals",False,en,0,2,2021-02-21 21:05:08,1363595633345646595
just remembered jarchie run away together and one half of them wants to commit murder and has to be talked down by the other one is already a moment that has actually happened in riverdale. beautiful,False,en,6,0,2021-02-21 21:04:00,1363595351572295688
UR KIDDING ME YOUR HONOR GIVE ME JARCHIE CANON https://t.co/tIPIl8vwMB,False,en,4,0,2021-02-21 20:47:02,1363591081074577412
"RT @sullydish: A key indicator of illiberalism is the dissemination of private conversations, letters, and emails. Totalitarian impulses ha‚Ä¶",False,en,0,683,2021-02-21 20:33:40,1363587718450540544
Heeeeey besties does anybody have any good Jarchie + Veronica pics? I need to make something evil,False,en,0,0,2021-02-21 18:54:46,1363562827366109184
vote me for best jarchie oomfs PLEASE https://t.co/Y0h94QUQkS,True,en,3,0,2021-02-21 16:50:24,1363531529549475841
"stolen, give me a tv show: riverdale
‚Äî top fav characters:
1. jughead
2. toni
3. cheryl
‚Äî fav ship: choni
‚Äî least fav ship: barchie sorry
‚Äî fav season: 3
‚Äî fav friendship: jarchie 
‚Äî fav season finale: 3
‚Äî least fav character: hiram
‚Äî rating out of 10: 9 https://t.co/eM6rx1V6x7",True,en,1,0,2021-02-21 16:36:41,1363528077142200323
RT @timkellernyc: One of Christians' biggest mistakes is to base their salvation and relationship with God on their sanctification instead‚Ä¶,False,en,0,451,2021-02-21 16:11:31,1363521744133181441
@eviltwink3000 literally just added this song to my jarchie playlist gr8 minds,False,en,1,0,2021-02-21 10:38:31,1363437940232376320
can jarchie be canon pls?!??!,False,en,0,0,2021-02-21 10:03:17,1363429074169982976
i wanna say jarchie rights so bad but archie is so down bad for his teacher and he‚Äôs taking it out on jug like . üò≠,False,en,1,0,2021-02-21 07:43:22,1363393862400569345
"RT @starkidtylee: if jarchie has 20 fans i am one of them
if jarchie has 5 fans i am one of them
if jarchie has 1 fans i am one of them

RE‚Ä¶",False,en,0,1,2021-02-21 04:48:16,1363349800377143299
"characters i like that believe wholeheartedly in the jarchie longcon:
-leo
-oikawa.",False,en,1,0,2021-02-21 04:42:50,1363348430395998217
"if jarchie has 20 fans i am one of them
if jarchie has 5 fans i am one of them
if jarchie has 1 fans i am one of them

REPOST if u R a true #jarchead",False,en,3,1,2021-02-21 04:14:38,1363341333792837634
@speliviaa when you posted that jarchie video and rted the sh stuff,False,en,0,0,2021-02-21 03:34:10,1363331149892907010
where is jarchie silenced gif when u need if,False,en,0,0,2021-02-20 23:46:40,1363273898444341250
@redsunO21 i need your thoughts on jarchie and dilton/reggie and reghead,False,en,1,0,2021-02-20 23:06:19,1363263745326129157
This is a gay friend group js imagine if we got the true power couples of jarchie and beronica https://t.co/SulPinJzzE,False,en,1,0,2021-02-20 22:56:47,1363261346691895300
"RT @hizziesendgame: hizzie, klayley, klamille, bamon, choni, jarchie, beronica, nabrina, shawgela, riarkle, frary, (ok i added ONE more but‚Ä¶",True,en,0,1,2021-02-20 22:46:04,1363258650052165634
"hizzie, klayley, klamille, bamon, choni, jarchie, beronica, nabrina, shawgela, riarkle, frary, (ok i added ONE more but i couldn‚Äôt leave any of my faves out) https://t.co/38F1DKgkAi",True,en,5,1,2021-02-20 22:45:34,1363258522469863426
RT @SugarBlumUris: what does kinning cheryl mean for the kennediego/jarchie longcon,True,en,0,1,2021-02-20 21:50:58,1363244780050915333
what does kinning cheryl mean for the kennediego/jarchie longcon https://t.co/zIwOvt73Bg,True,en,1,1,2021-02-20 21:50:48,1363244740150513664
we even got a jarchie phone call and them becoming roommates omg beronica scenes WHEN,False,en,19,0,2021-02-20 20:37:04,1363226184763457536
"i always like the most basic ships like my favorite ships are naegiri, shuake, komahina, souyo, etc etc. like the most ‚Äúunpopular‚Äù ship i like is jarchie and even then that has a pretty big following",False,en,6,0,2021-02-20 20:14:04,1363220397878112264
who wants to see my jarchie edit from 2018,False,en,1,0,2021-02-20 20:02:01,1363217362405756930
guys oh my god jarchie looked at each other this episode https://t.co/hZ9pqvCMvR,False,en,2,0,2021-02-20 19:50:37,1363214495359844355
cole has said jarchie deserves 2 be canon SO ... RAS U HEARD THE MAN!!!!,False,en,1,0,2021-02-20 19:36:30,1363210944105578507
@nymonologue and we like jarchie üò≠,False,en,1,0,2021-02-20 18:21:26,1363192051676950531
"ppl ask me why i can‚Äôt interact with  jarchies? because most of them sound EXACTLY LIKE BHS when they speak on ba. ba is only ‚Äúchildhood‚Äù? jarchie has that same base! like, come again????",False,en,48,0,2021-02-20 17:48:23,1363183734611079168
I FORGOT I CALLED JUNEPEI THE JARCHIE OF ZE THAT ONE TIME WHAT WAS I ON ABOUTTTTTT they're clearly bugh3ad üôÑ,False,en,9,0,2021-02-20 17:38:41,1363181293433999362
the thing about barchie is that i get the appeal but also theres nothing barchie has done that jarchie hasnt or can't do and better where do we go from here https://t.co/V4v93DInyM,True,en,23,0,2021-02-20 17:35:55,1363180597405974528
"barchie outsells jarchie, bughead, and choni in any context. barchie will stomp on ur little ‚Äúserpent tattoo‚Äù bc betty was gonna get one in season 2 a‚Ä¶ ‚Äî you guys have to make the troll ones sound a little more realistic but this IS hilarious https://t.co/RXVe0hyzwY",False,en,12,0,2021-02-20 17:32:32,1363179743147790337
jarchie crumbs https://t.co/7KRBuGp59b,False,en,0,0,2021-02-20 13:47:38,1363123147063631872
"‚Äúit was midnight when my old friend, archie andrews, arrived at the one place in town that was still open. he was looking for the girl next door. instead, he found me.‚Äù yes i ship jarchie, mind your business https://t.co/pnWcvRaQOC",False,en,0,0,2021-02-20 08:36:39,1363044887269097474
RT @2spider2man: the jarchie of the nhl,False,en,0,1,2021-02-20 08:05:47,1363037116003872769
the jarchie of the nhl,False,en,2,1,2021-02-20 08:05:34,1363037063763742722
"barchies are talking about a RECENT jarchie scene why cant u fight back with the same üò≠ is ur little ""serpent ta‚Ä¶ ‚Äî i actually can‚Äôt tell what this message says https://t.co/3n5KVUhVe0",False,en,4,0,2021-02-20 05:47:01,1363002196254617607
barchies slandering jarchie on the tl you do not want this.,False,en,13,0,2021-02-20 05:25:44,1362996839520243712
@chonistan420 what if i told u i was reading for jarchie book club rn :|,False,en,1,0,2021-02-20 05:18:38,1362995054885949440
"@chonifag things to do in my honor today 
1) smoke a fattie 
2) WATCH RIVERDALEEE N SHIP JARCHIE BB",False,en,1,0,2021-02-20 05:17:50,1362994853567684609
@rcnniekins new week new jarchie edit time possibly ü§î,False,en,1,0,2021-02-20 04:32:08,1362983350395314180
i hate when supernatural stans get into riverdale and say shit like ‚Äúi think no children by tmg really fits jarchie‚Äù no the fuck it does not,False,en,15,0,2021-02-20 04:09:58,1362977771270508551
the fact that i still am not in a jarchie gc is sapping my life force,False,en,2,0,2021-02-20 04:06:05,1362976795717292034
RT @riverindale: jarchie are literally roomates https://t.co/hdeNKrvoRJ,False,en,0,2,2021-02-20 04:00:27,1362975378399236100
jarchie are literally roomates https://t.co/hdeNKrvoRJ,False,en,15,2,2021-02-20 03:57:37,1362974664516112386
the fact literally all the main characters have worn wigs except for jarchie is a crime,False,en,4,0,2021-02-20 03:35:15,1362969037488201729
"it's all betty wig this, veronica wig that. when will jarchie get to wear wigs!",False,en,2,0,2021-02-20 03:28:24,1362967311787954178
@milfyswift she makes me feel so crazy!!! it‚Äôs all jarchie!!!,False,en,1,0,2021-02-20 03:03:34,1362961060781838349
@sadfeelingshavr literally made a mark on me ...  a golden tattoo..... IF TAYLOR SWIFT NOT A JARCHIE TRUTHER THEN WHY,False,en,1,0,2021-02-20 03:02:56,1362960903617077250
just remembered jarchie are living together https://t.co/YNmRx6btOp,False,en,21,0,2021-02-20 02:47:34,1362957036305096707
@milfyswift i can't think about jarchie and themes of home at 8pm on a friday i can't do it,False,en,1,0,2021-02-20 02:37:59,1362954623565389824
"[q slur] Not gay as in jughead, but queer as in jarchie longcon",False,en,1,0,2021-02-20 01:16:59,1362934241525436417
RT @milfyswift: 5x03 insane for the jarchie implications also obsessed with betty not showing up in archie's flasbacks as he leaves to war,False,en,0,4,2021-02-19 21:22:28,1362875219602472967
no no no i just saw someone on the tl talk about jarchie &amp; if i DARE to watch riverdale im gonna end up comparing them to trobed &amp; i dont think j could take that,False,en,2,0,2021-02-19 20:17:34,1362858887825682434
I think the only ship I‚Äôd like better than Barchie would be Jarchie no lie üò≠,False,en,0,0,2021-02-19 20:06:42,1362856152963440647
she was talking about jarchie when she said this https://t.co/WnzGCCPVT4,False,en,9,0,2021-02-19 19:59:27,1362854329141583876
5x03 insane for the jarchie implications also obsessed with betty not showing up in archie's flasbacks as he leaves to war,False,en,14,4,2021-02-19 19:31:17,1362847239970947078
@tmojpdf this is just a bump in the road to jarchie endgame....,False,en,1,0,2021-02-19 19:22:46,1362845099185561604
anyways.... if u dont ship jarchie ur a GODDAMNED FOOL!!!,False,en,3,0,2021-02-19 18:50:43,1362837034067521538
jarchie premonitions season 5 prayer circle,False,en,1,0,2021-02-19 18:32:36,1362832473365839884
i'm literally having pre established jarchie dreams i need to see someone,False,en,4,0,2021-02-19 18:31:32,1362832203512700928
@swangsnation i am physically ill jarchie is a terminal disease,False,en,1,0,2021-02-19 18:23:24,1362830159041204224
jarchie cringe era when i say i NEVER dream and have never dreamt about riverdale since i started watching it in 2017 i am so unwell in the mind,False,en,1,0,2021-02-19 18:16:50,1362828504019202049
"i never dream but this morning i dreamt jarchie were just lying in bed talking about their futures and jughead was talking about wrapping up his next book and just looked at archie and said 'you're next on my list, though' because he wanted to write about HIM and i feel like üç§",False,en,2,0,2021-02-19 18:16:02,1362828302214451201
"""can u please turn in your assignment"" no but i can give a detailed explanation about jarchie longcon intricate rituals",False,en,20,2,2021-02-19 18:09:46,1362826728863842311
@xsnatsuce @lesbianjuvia got me shipping jarchie w/o watching the show üò≠,False,en,2,0,2021-02-19 17:38:58,1362818977240473600
My mum when she catches me editing jarchie on my laptop instead of applying for jobs https://t.co/bEHOew7DlC,False,en,10,0,2021-02-19 16:56:45,1362808353093791751
"atp any ship that isn‚Äôt bh, ba, or va

when i get my choni, beronica, jarchie endgames you‚Äôll see!! https://t.co/lY0Y9oLzsx",True,en,0,0,2021-02-19 16:20:47,1362799301303427074
@PRiveerdale varchie bughead cheryl toni jeroinca and jarchie,False,en,1,0,2021-02-19 15:55:41,1362792984203431940
varchie bughead cheryl toni jeroinca and jarchie YUPP https://t.co/ctTkCcdEuw,True,en,0,0,2021-02-19 15:55:25,1362792917006393345
@ALLEXXLUVBOT I don‚Äôt even know what jarchie is,False,en,0,0,2021-02-19 15:39:24,1362788885756055553
@ALLEXXLUVBOT damn never saw anyone shipping jarchie over barchie and bughead,False,en,1,0,2021-02-19 15:38:55,1362788764490293250
"@maxilayyn who said i was a bughead shipper? like im happy for you guys, your ship sailed!! but i prefer jarchie to bughead :]",False,en,0,0,2021-02-19 15:37:54,1362788509514358787
"@jcneslcdge I SAW LMAO IM GONNA REPLY TO THAT PERSON WITH ""literally i prefer jarchie to bughead, i could care less?""",False,en,0,0,2021-02-19 15:35:58,1362788021393850370
"@Kindel_ dorothea and ferdinand explaining the jarchie longcon and edelgard and hubert sitting there like ""......uh....""",False,en,2,0,2021-02-19 15:22:45,1362784697424769025
"replace the hetero ships with jarchie and beronica, then we have a deal! https://t.co/OIeRyXqJpD",True,en,12,0,2021-02-19 14:13:56,1362767378099163139
